DATA,TMAX,TMIN,ETP
21/3/2000,27.2,17.3,3.31698088927175
22/3/2000,27.3,17.8,3.34977142656129
23/3/2000,27.2,14.8,3.10827340521528
24/3/2000,27.9,15,3.16325698396247
25/3/2000,28.6,17.4,3.37923680921227
26/3/2000,28.4,16,3.24940717293464
27/3/2000,29.7,18.4,3.50674187684381
28/3/2000,27.7,15.4,3.13004945945213
29/3/2000,28,16.6,3.22628054018868
30/3/2000,27.2,16.8,3.17023846825532
31/3/2000,27.6,15.1,3.06420839873024
1/4/2000,28,16.2,3.15895624252661
2/4/2000,27.8,16.6,3.16020727572225
3/4/2000,27.8,16.3,3.12581596286801
4/4/2000,26.4,16.6,3.03505867749696
5/4/2000,26.3,15.8,2.95894456772639
6/4/2000,24.6,15.2,2.78533141408485
7/4/2000,24.1,15.8,2.78028599727134
8/4/2000,27.8,16.4,3.06652188477294
9/4/2000,27.8,15.6,2.99782294566201
10/4/2000,28,14.4,2.91581918560679
11/4/2000,28.6,13.6,2.88916621379413
12/4/2000,26.9,14,2.787638440175
13/4/2000,27.6,16.1,2.9650787323785
14/4/2000,28,16.2,2.98543912190797
15/4/2000,28.1,15.2,2.91135681059023
16/4/2000,29.4,16.2,3.05200580019368
17/4/2000,29,14.8,2.91809857401172
18/4/2000,27,17,2.91794582150216
19/4/2000,25.6,16.8,2.79887492486282
20/4/2000,25.4,15.6,2.69395298835652
21/4/2000,27.8,15.7,2.84498798232702
22/4/2000,28,12,2.60395686151535
23/4/2000,28.2,13,2.66963769350857
24/4/2000,28.3,13.8,2.71530332767513
25/4/2000,27.7,13,2.61283984939718
26/4/2000,26.3,11.8,2.43460006706303
27/4/2000,27.4,11.2,2.45514734707616
28/4/2000,25.2,12,2.35518665529702
29/4/2000,26.5,15.2,2.62794535819859
30/4/2000,26.2,13,2.4590717874501
1/5/2000,26.9,14.9,2.61020436834532
2/5/2000,26.6,15,2.58591434356429
3/5/2000,26.7,16.6,2.67942761255993
4/5/2000,25.8,15.6,2.55035029220735
5/5/2000,27.5,14.4,2.56963951619349
6/5/2000,28,13,2.5033140826802
7/5/2000,28.8,12.2,2.49232443189437
8/5/2000,28.7,14.3,2.60252938516496
9/5/2000,29.3,12.2,2.50092288847311
10/5/2000,28.6,15.6,2.65227993243129
11/5/2000,27,13.5,2.42001570496311
12/5/2000,26.7,13,2.36233912703623
13/5/2000,26,11.4,2.21633668334985
14/5/2000,25.4,11.2,2.16014422540711
15/5/2000,26.6,15.3,2.4630864788648
16/5/2000,27.6,9.6,2.17821275817932
17/5/2000,27.9,10.3,2.22813490375637
18/5/2000,26.6,12.9,2.29523047903123
19/5/2000,27.4,12,2.28090982936033
20/5/2000,27.4,12.4,2.29567559182996
21/5/2000,26.2,11.4,2.16105065773085
22/5/2000,26.6,13.1,2.27380179727403
23/5/2000,26.7,10.8,2.14049842754478
24/5/2000,24.8,13.1,2.15616575979184
25/5/2000,25.7,8.8,1.9564116211677
26/5/2000,27,8.3,1.9955109238662
27/5/2000,27.6,8.6,2.04017501427655
28/5/2000,27.6,9.8,2.1016102922104
29/5/2000,27,11.7,2.16848602883471
30/5/2000,28,12,2.23519346992617
31/5/2000,28.4,11,2.19586789095733
1/6/2000,27.6,11.4,2.16808256406132
2/6/2000,27.8,12.9,2.25711738570881
3/6/2000,27.6,11.2,2.14678323346908
4/6/2000,25.8,13.9,2.1917588946649
5/6/2000,24.6,12.3,2.03293893156384
6/6/2000,24.8,8.6,1.83649946927725
7/6/2000,24.5,11.6,1.98129587681999
8/6/2000,25.6,10.9,1.99979238438662
9/6/2000,25.5,10.6,1.97470366376023
10/6/2000,25.6,11.1,2.00454984319508
11/6/2000,26,8.6,1.88728245152569
12/6/2000,26.2,8.9,1.91219590426015
13/6/2000,27.6,10.4,2.06789388939212
14/6/2000,27.5,13.8,2.24527442103971
15/6/2000,26,13.2,2.12929518194025
16/6/2000,25.1,10,1.90521225523312
17/6/2000,24.8,8.4,1.80101388502441
18/6/2000,26.6,9,1.93031504709381
19/6/2000,27.9,9.3,2.0164014984211
20/6/2000,28.3,10.1,2.08102802619018
21/6/2000,25.9,7.7,1.82077142509904
21/3/2001,27.8,16.6,3.30952699963294
22/3/2001,28.6,14.6,3.20865023564186
23/3/2001,28.8,15,3.24148512258165
24/3/2001,28,16.8,3.30335461262282
25/3/2001,29.7,14.4,3.23965963665785
26/3/2001,27,15.1,3.08108202658893
27/3/2001,27.7,14.5,3.07660098134738
28/3/2001,27.2,14.1,2.99932813631956
29/3/2001,28,17.2,3.26968341741095
30/3/2001,26.2,16.5,3.07657233169323
31/3/2001,28.2,15.8,3.1574981157876
1/4/2001,28.2,15.4,3.11607448357828
2/4/2001,28,11.2,2.79009291009712
3/4/2001,27.9,15.6,3.08328785452967
4/4/2001,29.1,17,3.2538652333165
5/4/2001,28.4,16.6,3.16276735267667
6/4/2001,28.2,17.3,3.18423566183067
7/4/2001,29,15.9,3.12869276384669
8/4/2001,28.2,15.6,3.03877055549898
9/4/2001,28.7,13.8,2.93565611038331
10/4/2001,29,13.8,2.94332691377289
11/4/2001,29.4,13,2.90285894466519
12/4/2001,28.9,17.4,3.15568850318099
13/4/2001,30,17.6,3.2296967428196
14/4/2001,24,17.8,2.82333383022065
15/4/2001,25.8,14.9,2.73654092819913
16/4/2001,26.8,15,2.79767198351088
17/4/2001,27.6,14.4,2.79817671480576
18/4/2001,28.6,14.1,2.83173378586687
19/4/2001,28.2,13.8,2.77247044443958
20/4/2001,29,14.4,2.85164779743105
21/4/2001,27.9,17,2.93655081394214
22/4/2001,27.8,15.6,2.82529319474416
23/4/2001,28.3,17.6,2.97418374106902
24/4/2001,28.2,17,2.9152425275752
25/4/2001,27.1,14.8,2.68987689655385
26/4/2001,27.6,16.2,2.79883157315907
27/4/2001,27.3,16,2.75409015876679
28/4/2001,27,13.6,2.57044565067363
29/4/2001,27.2,12,2.47039467725143
30/4/2001,26.8,15,2.62217348763811
1/5/2001,27.8,15.8,2.72260551339368
2/5/2001,27.4,16.8,2.74753399003706
3/5/2001,27.7,16.2,2.71655593975476
4/5/2001,24.6,14.8,2.4271449640814
5/5/2001,26.1,16,2.58190509860969
6/5/2001,27.6,10.8,2.34456733597365
7/5/2001,27,11.2,2.32211690971622
8/5/2001,28.4,13.4,2.5299006581371
9/5/2001,28,11.1,2.35629120335659
10/5/2001,29.4,12.1,2.49026283248639
11/5/2001,29.7,13.8,2.59927612755298
12/5/2001,29.6,13.8,2.58250675348545
13/5/2001,28.3,16.4,2.64893715897696
14/5/2001,26.5,15.8,2.49656012936395
15/5/2001,28.4,14.3,2.51011438299587
16/5/2001,28.4,14.6,2.5178265753148
17/5/2001,24.4,14.5,2.26896460094562
18/5/2001,27.4,17.2,2.59157669277956
19/5/2001,26.8,14,2.36195738674877
20/5/2001,25,11.8,2.12263471807393
21/5/2001,26.2,12.5,2.22427288441979
22/5/2001,27.2,11,2.18788989057602
23/5/2001,26.8,12.1,2.22041036883978
24/5/2001,24.6,13.8,2.1846112183643
25/5/2001,25.6,15.6,2.33635242875679
26/5/2001,27.4,15.8,2.44209835441983
27/5/2001,22.2,15.1,2.10216928266617
28/5/2001,25.2,16.2,2.32638144645751
29/5/2001,28.1,15,2.41503224399938
30/5/2001,27.8,16.8,2.49224071896768
31/5/2001,27.3,14.8,2.34634614744425
1/6/2001,26.8,13.6,2.24591116892506
2/6/2001,26.6,13.4,2.2182971849718
3/6/2001,26.4,9.2,1.96972894617266
4/6/2001,25.8,15.4,2.27457094358171
5/6/2001,25,11.8,2.02742961196611
6/6/2001,27.9,11.8,2.18290505779361
7/6/2001,27,13.2,2.20631840022614
8/6/2001,26.1,12.2,2.09841228279472
9/6/2001,25.2,12.2,2.0458148760286
10/6/2001,25.4,15.8,2.25033933350511
11/6/2001,25,10,1.90910074576298
12/6/2001,24.4,11.8,1.97212227163013
13/6/2001,24.8,12.3,2.01891745516967
14/6/2001,26,15.3,2.24527442103971
15/6/2001,26,10.8,1.99893017080105
16/6/2001,25.8,16.5,2.29602502553735
17/6/2001,27.2,10.8,2.0614014346665
18/6/2001,27.2,10.4,2.03875971266087
19/6/2001,26.4,11.9,2.07602627391205
20/6/2001,25.9,11,1.99973786891713
21/6/2001,23,11.6,1.87496105084603
21/3/2002,26.9,17,3.27225755143887
22/3/2002,26.2,18.4,3.31263427105618
23/3/2002,25,17.2,3.12307470714488
24/3/2002,27.3,18.6,3.38446376605775
25/3/2002,27.2,17.3,3.26904430456405
26/3/2002,28.4,16.5,3.28599959605327
27/3/2002,25.6,17.8,3.16408726517716
28/3/2002,28.9,15.8,3.24624619112553
29/3/2002,28,16,3.18287766296641
30/3/2002,28.2,16.1,3.19185373053888
31/3/2002,27.9,15,3.07856066289291
1/4/2002,28.4,14,3.03031096568163
2/4/2002,29.6,15.3,3.1957951954939
3/4/2002,28.8,15.1,3.11163992675523
4/4/2002,28.6,15.4,3.10564143743874
5/4/2002,28.5,14.4,3.01517154288509
6/4/2002,29.4,14.2,3.05126757924873
7/4/2002,28.8,14.8,3.0381070045371
8/4/2002,27.3,16.6,3.04570838781747
9/4/2002,27.3,14.8,2.90802640581499
10/4/2002,27.2,14.7,2.88143452539916
11/4/2002,27.8,18.5,3.1698671966509
12/4/2002,27.6,18.6,3.14887276127347
13/4/2002,28,19.4,3.21612658843801
14/4/2002,29,17.2,3.12052686498072
15/4/2002,27.8,16.7,2.9920410640015
16/4/2002,27.9,15.4,2.89806691114883
17/4/2002,29,15.3,2.95141020156893
18/4/2002,28.9,16.1,2.98426277199084
19/4/2002,28.6,15,2.87808836613252
20/4/2002,28.4,15.2,2.86478903152059
21/4/2002,28.6,11.8,2.64224171232211
22/4/2002,27,17.8,2.9164316848972
23/4/2002,27.4,14.9,2.74091442804399
24/4/2002,27.6,16.1,2.81849775343
25/4/2002,27.4,14.3,2.67703738869441
26/4/2002,28,15.4,2.77327146746812
27/4/2002,27.6,17.2,2.84949743909358
28/4/2002,28.6,14,2.69706858913046
29/4/2002,27.3,12.7,2.52081089515452
30/4/2002,29,13.5,2.66608548384258
1/5/2002,30,13.6,2.72260551339368
2/5/2002,29.5,15.4,2.79104697177973
3/5/2002,30.2,13.8,2.72274399428723
4/5/2002,30.7,14.8,2.80292121486557
5/5/2002,29.8,14.6,2.72295929639597
6/5/2002,29,17.2,2.82080757609329
7/5/2002,27.8,16,2.66253195407252
8/5/2002,28.1,15,2.60858177908394
9/5/2002,24.6,16.8,2.49489656825992
10/5/2002,27.8,16.6,2.66428119909387
11/5/2002,26.8,16.2,2.56939939045467
12/5/2002,27.5,15,2.52895246597078
13/5/2002,27.8,16.2,2.60745492158806
14/5/2002,26,14.4,2.38442149471167
15/5/2002,26.8,12.4,2.30436730242244
16/5/2002,28.6,13.7,2.47683870083293
17/5/2002,29,10.8,2.32145992590323
18/5/2002,29.7,13.2,2.49279462153012
19/5/2002,30.4,15.6,2.66299117133439
20/5/2002,30.2,14.5,2.5783090189648
21/5/2002,27.6,15.4,2.47141431602199
22/5/2002,26.4,13.4,2.27952925772056
23/5/2002,24.8,15,2.27178233110086
24/5/2002,22.6,15.2,2.15047666807735
25/5/2002,23.8,11.8,2.01878996271218
26/5/2002,24.4,11.6,2.03508196201653
27/5/2002,23.8,9,1.84855636652682
28/5/2002,24.2,12.6,2.06789461907334
29/5/2002,26.4,10.6,2.07322953661199
30/5/2002,27,9.2,2.02285009028318
31/5/2002,27.2,11.2,2.14013520336958
1/6/2002,27.1,11.6,2.15140500587623
2/6/2002,25.8,11.8,2.08519935387349
3/6/2002,26,9.8,1.98079483912869
4/6/2002,26.9,9.8,2.02613479683128
5/6/2002,27.2,11.3,2.12108804512758
6/6/2002,26.7,10.8,2.06193802688314
7/6/2002,26.8,13.2,2.1953416917673
8/6/2002,26.6,11.6,2.09293339954983
9/6/2002,25,14.2,2.14427655455404
10/6/2002,27.2,13.6,2.22849137881088
11/6/2002,26.8,13.2,2.18182942372912
12/6/2002,27,8,1.90674805268106
13/6/2002,27.9,9.5,2.03524293324382
14/6/2002,28,14.8,2.3268219181719
15/6/2002,27.9,17,3.03098650898637
16/6/2002,25.2,12.6,2.05176704409721
17/6/2002,25.6,12.2,2.05055195343141
18/6/2002,25.7,13.2,2.10924874527947
19/6/2002,25.7,12.5,2.07060583977651
20/6/2002,24.7,12.6,2.02141524418994
21/6/2002,26,10.2,1.96166445204122
21/3/2003,28.2,16.6,3.33934255818819
22/3/2003,25.1,17.6,3.17151308013675
23/3/2003,24.6,16.2,3.0194655936377
24/3/2003,25.2,16.9,3.10426850873707
25/3/2003,26.7,16.6,3.18089030084547
26/3/2003,24.9,17.7,3.11767444970756
27/3/2003,26,17.4,3.16408726517716
28/3/2003,27.8,17.8,3.31160685269181
29/3/2003,28.2,17,3.26968341741095
30/3/2003,26.1,16.3,3.05495706940967
31/3/2003,27.8,16.4,3.17185037995027
1/4/2003,29.3,15.8,3.2232788809491
2/4/2003,29.4,15.6,3.20291277944822
3/4/2003,28.2,16,3.1329039809244
4/4/2003,27.6,17.2,3.16210764539218
5/4/2003,27.8,16.8,3.13465386509732
6/4/2003,26.2,17.6,3.06526421952051
7/4/2003,28,16.3,3.08688395185765
8/4/2003,28.6,17.6,3.20527853114276
9/4/2003,28.3,19.1,3.27411999134515
10/4/2003,29.4,18.6,3.30092737993221
11/4/2003,29.4,16,3.10824990773112
12/4/2003,27.8,17.4,3.08071534219829
13/4/2003,28.2,18.4,3.16184597091163
14/4/2003,25.9,18.6,3.00570228336888
15/4/2003,24.8,16.2,2.75671199155195
16/4/2003,25.3,16.2,2.77759299798329
17/4/2003,27,16.5,2.89811159747739
18/4/2003,28.2,15.8,2.91794582150216
19/4/2003,28.2,15.8,2.90449284655575
20/4/2003,27.7,14.6,2.77937100993856
21/4/2003,28.5,14.1,2.78612616200301
22/4/2003,27.1,16.4,2.83180308689795
23/4/2003,27.2,14.8,2.72147531862524
24/4/2003,27.4,14.5,2.70240402445577
25/4/2003,27.4,16.4,2.81185222121858
26/4/2003,28.8,15.2,2.81161162600455
27/4/2003,29.4,14,2.76045064412191
28/4/2003,28.4,14.5,2.71606202989898
29/4/2003,28.8,11.5,2.53971697686818
30/4/2003,29.2,11.7,2.5657152068038
1/5/2003,29.6,13.4,2.68513846504422
2/5/2003,30.4,13.8,2.74753399003706
3/5/2003,26.9,13.4,2.4937859765858
4/5/2003,26.6,13.8,2.48874762814438
5/5/2003,27.8,15.3,2.64323301069068
6/5/2003,25.4,15.1,2.47278586215971
7/5/2003,23.9,15.8,2.41329951088309
8/5/2003,23.5,10.6,2.063866326375
9/5/2003,25.2,17,3.03726538744686
10/5/2003,25.2,8.6,2.02821406597687
11/5/2003,25.2,13.2,2.29453340915021
12/5/2003,24.2,10.2,2.0469638783387
13/5/2003,24.1,12,2.13929824248475
14/5/2003,26.2,12.4,2.27818489346214
15/5/2003,26.3,13.8,2.35727369456989
16/5/2003,25.2,15.7,2.39486295186919
17/5/2003,25.2,13,2.22813490375637
18/5/2003,26.2,9,2.04536994587087
19/5/2003,26.8,11.8,2.23459693942408
20/5/2003,27,14.6,2.39950011608357
21/5/2003,26.7,11.5,2.19553550865209
22/5/2003,27.7,12,2.27380179727403
23/5/2003,30.6,15,2.60284608789445
24/5/2003,28.9,12.8,2.37235124494248
25/5/2003,25.4,16.2,2.35903546204569
26/5/2003,25.8,11.1,2.08595901106694
27/5/2003,25.6,14.4,2.25433703234978
28/5/2003,23.1,13.8,2.07351389792952
29/5/2003,23.1,13.8,2.06762621354007
30/5/2003,25,14.2,2.19048960052765
31/5/2003,24.2,14.2,2.14013520336958
1/6/2003,25.7,14,2.20699686649319
2/6/2003,26.8,14.1,2.26820887163367
3/6/2003,28.4,15,2.40129877145769
4/6/2003,27.6,14.3,2.31321656640955
5/6/2003,27.4,13.7,2.26433035466867
6/6/2003,26.3,13.6,2.19390206060366
7/6/2003,25.8,13.2,2.14045814947312
8/6/2003,26.3,12,2.09841228279472
9/6/2003,25.7,12.8,2.10598590179415
10/6/2003,25,14.1,2.13563757136043
11/6/2003,26,12.3,2.08910167322063
12/6/2003,27.2,11.1,2.08652715479099
13/6/2003,27.1,11.8,2.11687032361456
14/6/2003,26.6,11.5,2.0713064271577
15/6/2003,26.8,12,2.10756768008371
16/6/2003,26.2,9.5,1.93777998609181
17/6/2003,26.2,13.6,2.15904676578228
18/6/2003,26.4,10,1.97369291332063
19/6/2003,26.2,9.8,1.95135628879462
20/6/2003,26,13,2.1135440890994
21/6/2003,27,8.6,1.92915067659303
21/3/2004,27.2,15.8,3.21640722438181
22/3/2004,27.6,15.4,3.20517254468956
23/3/2004,25.8,16,3.10466620022754
24/3/2004,27,15.5,3.14527666003928
25/3/2004,27.5,14.7,3.11164206814024
26/3/2004,27.1,15,3.09273629712689
27/3/2004,23.6,17,2.97130475723303
28/3/2004,27,16.8,3.19324935978709
29/3/2004,25.6,17,3.7182954135487
30/3/2004,27.8,15.9,3.16117622435527
31/3/2004,28.7,13.5,3.04054689455397
1/4/2004,27.4,13.8,2.9565664175102
2/4/2004,24.4,16,2.88737176918722
3/4/2004,28.4,17.6,3.27408861899152
4/4/2004,27.6,15.4,3.04784776424772
5/4/2004,26.9,15.6,2.99976729752606
6/4/2004,25.3,16.2,2.91677433635737
7/4/2004,28,15.8,3.06526421952051
8/4/2004,24,16.4,2.81512667392887
9/4/2004,28.6,15.2,3.03877055549898
10/4/2004,25.2,16,2.84585957053629
11/4/2004,25.2,15,2.76452668069323
12/4/2004,23,16.5,2.70431434703479
13/4/2004,23.3,18.4,2.84216437543515
14/4/2004,24.8,17.8,2.89044288327973
15/4/2004,24.6,17.8,2.86386015314248
16/4/2004,27.2,18.6,3.07944900519705
17/4/2004,27.6,17,2.98507584843505
18/4/2004,27.3,15.9,2.87812462094307
19/4/2004,27.5,12.5,2.65267801954742
20/4/2004,27.9,13.5,2.73286372380473
21/4/2004,27.9,12.2,2.63481743495357
22/4/2004,26.6,14.1,2.66186231909678
23/4/2004,27.4,13.5,2.66254589089945
24/4/2004,28,13,2.6566782872294
25/4/2004,28.2,15,2.7862494953816
26/4/2004,28.8,16.4,2.9017287762347
27/4/2004,26.8,17,2.79883157315907
28/4/2004,24.8,17.7,2.70320627592583
29/4/2004,24.9,17,2.65275056067057
30/4/2004,25.4,13,2.41997845934834
1/5/2004,29.5,11.8,2.59080777606349
2/5/2004,27.8,13.2,2.56024830387938
3/5/2004,27.4,13.5,2.54240136182162
4/5/2004,27,14.6,2.57423068550793
5/5/2004,27,14.2,2.53802975939476
6/5/2004,27.3,13.3,2.4899132304882
7/5/2004,27.8,14.9,2.60711003244986
8/5/2004,27,15.6,2.58958587313903
9/5/2004,27.1,15.6,2.58437220340799
10/5/2004,27,16,2.59131769167093
11/5/2004,28,16.1,2.6462792991
12/5/2004,29,15.6,2.66500494916926
13/5/2004,28.2,15.5,2.60035818265701
14/5/2004,26.4,14,2.39411770073085
15/5/2004,27.4,15.2,2.51426622957221
16/5/2004,21.8,17.6,2.31612427845521
17/5/2004,25.3,14.5,2.33045343482626
18/5/2004,28.3,13.8,2.45561464523935
19/5/2004,26.8,16.6,2.5218481718976
20/5/2004,26.8,13.8,2.3503791642647
21/5/2004,26.6,15.2,2.41103617433398
22/5/2004,24.6,15.4,2.2989900614158
23/5/2004,25.4,14.2,2.2680743368275
24/5/2004,26,13.8,2.27178233110086
25/5/2004,27.8,14.2,2.38941852008595
26/5/2004,25,15.1,2.27397408721231
27/5/2004,23.1,10.1,1.87679780941524
28/5/2004,27.4,11,2.16416355105579
29/5/2004,27,13.6,2.28142721560809
30/5/2004,25.4,16.2,2.33098239792051
31/5/2004,26.4,13.7,2.24078145360098
1/6/2004,26.2,11.2,2.08440251578183
2/6/2004,26.3,11.6,2.10693151738267
3/6/2004,25.5,11.4,2.04637915313649
4/6/2004,26.1,12.9,2.15784912642511
5/6/2004,23.4,11,1.8991563218255
6/6/2004,26.6,8.6,1.93928049840236
7/6/2004,26.3,9.6,1.97396200440279
8/6/2004,26.8,9.8,2.00873764796708
9/6/2004,25.8,12.2,2.08197563306004
10/6/2004,25.6,14.2,2.17709711406252
11/6/2004,26.4,10.8,2.03185978656286
12/6/2004,26.2,10.3,1.99091934915282
13/6/2004,24.2,13.8,2.07018360005373
14/6/2004,24.2,12,1.96994102094723
15/6/2004,23.7,12.6,1.97344943059907
16/6/2004,23,12.1,1.90658828791078
17/6/2004,25,10.5,1.92692407580558
18/6/2004,24.8,9,1.83356232872967
19/6/2004,22.8,11.8,1.87609271431027
20/6/2004,24.1,11.8,1.94593585465908
21/6/2004,23,10.4,1.81006083528
21/3/2005,27.2,17.4,3.35893300166429
22/3/2005,23,18.4,3.10740253041699
23/3/2005,28.4,17.8,3.45576776201022
24/3/2005,27.6,17.2,3.33934255818819
25/3/2005,29,15.6,3.31263427105618
26/3/2005,27.4,16.6,3.25628642451125
27/3/2005,24.6,17.6,3.11164206814024
28/3/2005,26.6,16.6,3.17354413386892
29/3/2005,27.4,17.2,3.26404414218209
30/3/2005,26.2,17.8,3.20783040709205
31/3/2005,27.9,16.5,3.22445930393677
1/4/2005,28.6,16,3.22628054018868
2/4/2005,27.2,18.6,3.29993004195668
3/4/2005,28.4,15.6,3.1574981157876
4/4/2005,29.6,16.3,3.28045455954686
5/4/2005,29.4,14.4,3.11750177199627
6/4/2005,29.2,17.3,3.29592839622137
7/4/2005,28.6,16.4,3.17622419738053
8/4/2005,29.1,16,3.16979572457151
9/4/2005,28.2,14,2.95329109734625
10/4/2005,27.8,14,2.91268056856997
11/4/2005,28.3,15.2,3.01795705854351
12/4/2005,28.4,16.1,3.07380463322487
13/4/2005,28.5,16.6,3.10149635072798
14/4/2005,27.8,15.6,2.9713225990205
15/4/2005,28,15.2,2.94440050404792
16/4/2005,28.8,14.5,2.93793842361531
17/4/2005,29.1,16.4,3.07324615490526
18/4/2005,27.8,13.2,2.75671199155195
19/4/2005,28.6,14.3,2.87129493044538
20/4/2005,25.6,17.8,2.89144927196595
21/4/2005,28.4,14,2.81183870072026
22/4/2005,28.4,15.6,2.90449284655575
23/4/2005,28.2,15.8,2.89107149969968
24/4/2005,28.8,15.4,2.89076939813458
25/4/2005,28.8,16.1,2.92294157705099
26/4/2005,25.8,16.9,2.76683324060233
27/4/2005,26.2,17.8,2.83784670825904
28/4/2005,26.8,18.6,2.91456828409415
29/4/2005,25.8,16.6,2.70937120324074
30/4/2005,27,16.6,2.77317161483215
1/5/2005,26.2,16.8,2.72239317682182
2/5/2005,24.8,14.8,2.49560278620297
3/5/2005,25.1,12,2.3273357988367
4/5/2005,24.2,13.2,2.33544601378265
5/5/2005,25,9.4,2.1383522456397
6/5/2005,26,13.4,2.43809348579357
7/5/2005,25.9,9.8,2.19921510704837
8/5/2005,26.8,11.4,2.34272624149383
9/5/2005,27,14.8,2.55215923551298
10/5/2005,26.9,15.1,2.55311283267228
11/5/2005,26,15.7,2.52384826421811
12/5/2005,26.6,14,2.44668600655442
13/5/2005,26,14,2.400253332517
14/5/2005,25.4,14,2.35428688334683
15/5/2005,19.3,13.6,1.95770673248091
16/5/2005,27.4,14.1,2.45930407377055
17/5/2005,26.8,10.8,2.21916455943462
18/5/2005,26.8,11.2,2.23382544622584
19/5/2005,26.5,11.3,2.21334522202092
20/5/2005,28.2,14.2,2.47311308689188
21/5/2005,27,13.8,2.37076970998668
22/5/2005,28,11.2,2.26933160687627
23/5/2005,29.7,11.1,2.35335588308197
24/5/2005,27.9,12.3,2.31048501172288
25/5/2005,24.4,15,2.25661941593443
26/5/2005,24,14.1,2.17474640238549
27/5/2005,29.6,15.4,2.56009127152066
28/5/2005,24,15.8,2.25696181224563
29/5/2005,22.6,14.6,2.10291802741708
30/5/2005,25.2,15.4,2.28815208783503
31/5/2005,24,15.2,2.2027573116216
1/6/2005,23.4,16,2.20770929033818
2/6/2005,24.6,14.6,2.19048960052765
3/6/2005,24.7,14.1,2.16242827840468
4/6/2005,24.4,15.2,2.20143768043149
5/6/2005,24.8,12,2.04083341017406
6/6/2005,24.6,9.8,1.90333358843651
7/6/2005,25.6,8.5,1.88259391204214
8/6/2005,24.8,12.8,2.07150416874798
9/6/2005,24.8,11.8,2.01245151423794
10/6/2005,25,11.6,2.00873764796708
11/6/2005,25.6,11.6,2.03814456710088
12/6/2005,25.7,12.6,2.09504571529132
13/6/2005,25.8,10.7,1.99362586584797
14/6/2005,26,12.4,2.09455624677996
15/6/2005,26.3,14,2.19548418637277
16/6/2005,26.8,12.1,2.11687032361456
17/6/2005,27.8,12.2,2.17459992352514
18/6/2005,27.8,11.6,2.14015893286851
19/6/2005,27.5,12.5,2.17118205724573
20/6/2005,28.8,11.1,2.16447150639982
21/6/2005,26.2,14.3,2.19600447773312
21/3/2006,27.7,15.5,3.26432953025671
22/3/2006,28.8,15.9,3.36646424157833
23/3/2006,28.5,16.4,3.37010564289185
24/3/2006,28.5,16.4,3.35852754359868
25/3/2006,27.6,18.4,3.42878923385395
26/3/2006,29,17,3.4166183064705
27/3/2006,27.4,15.2,3.15267731100407
28/3/2006,27.1,17,3.25173969680059
29/3/2006,26.6,15.8,3.11477479805653
30/3/2006,26.2,17.4,3.19085929594482
31/3/2006,27.6,16.4,3.20783040709205
1/4/2006,27.6,16.2,3.18088552955924
2/4/2006,26.4,17.8,3.19734528870716
3/4/2006,28.8,16,3.22787916767815
4/4/2006,27.6,17.2,3.21490717243828
5/4/2006,27.7,16.8,3.18039712200077
6/4/2006,27.2,18.3,3.23850069921987
7/4/2006,28,18.4,3.28884037816498
8/4/2006,24.4,18.4,3.0209421255086
9/4/2006,25.8,17.6,3.05031340235928
10/4/2006,24.4,17.8,2.95329109734625
11/4/2006,28.8,15.6,3.09385208718916
12/4/2006,27.3,17,3.07345971709143
13/4/2006,28.8,16.6,3.13597146850358
14/4/2006,29.4,14.6,3.0258500982712
15/4/2006,30.2,16.6,3.20409902382856
16/4/2006,28.2,15.2,2.95803198786296
17/4/2006,27.4,16.8,2.99900411833249
18/4/2006,26,17.3,2.92464963752522
19/4/2006,24.7,15.9,2.72981724041485
20/4/2006,22.6,14.4,2.47640821506944
21/4/2006,26.2,11.8,2.53168369434807
22/4/2006,26.8,11,2.50678072847231
23/4/2006,27.4,12.4,2.6272458021118
24/4/2006,27.8,12.4,2.64138805199834
25/4/2006,27.6,15.5,2.81882717329413
26/4/2006,27.6,12.9,2.6365063222843
27/4/2006,28,12.8,2.64371888095024
28/4/2006,28.6,13.6,2.72175297928481
29/4/2006,27.6,13.8,2.65777812690524
30/4/2006,27.4,15.8,2.76049141462265
1/5/2006,31.5,13.4,2.8558579244487
2/5/2006,27.4,13.2,2.57044565067363
3/5/2006,26.4,14.6,2.58383116753338
4/5/2006,27.6,12.3,2.50298378365456
5/5/2006,26.5,12.2,2.4166246185398
6/5/2006,28.4,12.1,2.51753680082581
7/5/2006,27.6,16.8,2.74749621241712
8/5/2006,25.8,15.8,2.56267082501995
9/5/2006,25.9,15.9,2.56350672498539
10/5/2006,25.6,13.6,2.39341248880643
11/5/2006,24.6,15.2,2.41937835096088
12/5/2006,25,14.6,2.39674799191935
13/5/2006,26.2,10.2,2.19358055760051
14/5/2006,27.6,14.2,2.50826473248027
15/5/2006,26.4,13.1,2.36026223076649
16/5/2006,26,12.6,2.29688388674052
17/5/2006,24.9,9.8,2.05633376770694
18/5/2006,23.2,8.9,1.89455272228328
19/5/2006,23.6,8.2,1.86935918921004
20/5/2006,24.7,7,1.85616517296463
21/5/2006,25.5,9.2,2.0239864178101
22/5/2006,25.8,10.8,2.12671988689982
23/5/2006,26.7,13.6,2.33301183053861
24/5/2006,25.4,11.4,2.12263471807393
25/5/2006,26.1,13.8,2.29324258626226
26/5/2006,25.8,12.2,2.17643496968295
27/5/2006,25.8,10.6,2.07771047367013
28/5/2006,26.4,10,2.07082938407449
29/5/2006,27.3,9.2,2.0698267876122
30/5/2006,27,10.3,2.10857103286712
31/5/2006,26.6,9.8,2.0514466994383
1/6/2006,26.1,9.8,2.01732110936774
2/6/2006,26,12.6,2.16288270576278
3/6/2006,24.5,11.2,1.99491017190911
4/6/2006,24,8.8,1.82803215287818
5/6/2006,24.2,9.6,1.87900488885314
6/6/2006,24.6,8.4,1.83009517760174
7/6/2006,24.5,8.4,1.82033939126631
8/6/2006,23.9,9.1,1.82186507616981
9/6/2006,24.2,8.2,1.78501954966581
10/6/2006,24.4,9.2,1.84749647208729
11/6/2006,24.9,9.6,1.8934822091493
12/6/2006,25.4,9.5,1.9121302524683
13/6/2006,25.6,11.8,2.0458148760286
14/6/2006,25,12.1,2.02639779788931
15/6/2006,24.8,14.1,2.12182911457657
16/6/2006,26.3,9.2,1.93398731057651
17/6/2006,26.2,16.2,2.30733423447962
18/6/2006,25.4,10.6,1.95713993117263
19/6/2006,23.6,8.4,1.73820014852265
20/6/2006,23,7.5,1.65552631864987
21/6/2006,24.2,9,1.80101388502441
21/3/2007,28,13.8,3.15854107325765
22/3/2007,30.7,15.2,3.45683912054688
23/3/2007,29.8,14.4,3.31756502039688
24/3/2007,29,15.7,3.3435675099969
25/3/2007,29.4,13.8,3.22008032396718
26/3/2007,29.4,14.8,3.28292454665209
27/3/2007,29.2,13.2,3.13787600907448
28/3/2007,29.7,15.7,3.34759596904187
29/3/2007,29.4,13.8,3.17354413386892
30/3/2007,29.4,11.3,2.97862324185675
31/3/2007,30,12.6,3.10576307595731
1/4/2007,30.4,11.2,3.02111502350832
2/4/2007,30.4,12.8,3.12500716000338
3/4/2007,27.2,14.6,3.01172654484256
4/4/2007,28.6,13.4,3.01397547416089
5/4/2007,29,12.2,2.94454744778498
6/4/2007,29.4,11.4,2.90397425336639
7/4/2007,29.4,13.2,3.01949569202216
8/4/2007,28.6,15.8,3.13387454141546
9/4/2007,27.3,16.2,3.05734177425411
10/4/2007,29.6,14.3,3.07226253965641
11/4/2007,28.4,14.9,3.01720259854258
12/4/2007,27.9,13.5,2.8722625798552
13/4/2007,28.6,12.2,2.81822986596797
14/4/2007,28.6,12.6,2.83329600110848
15/4/2007,28.4,13.4,2.861780752052
16/4/2007,28,12.8,2.78082269826748
17/4/2007,28.5,12.5,2.78188164822697
18/4/2007,25.8,12,2.55315834407514
19/4/2007,27.4,15.1,2.85756730831604
20/4/2007,24.4,15.8,2.69058406069706
21/4/2007,25.4,16.8,2.81150136582864
22/4/2007,27.4,14,2.74552175023158
23/4/2007,27.6,16.4,2.90449284655575
24/4/2007,28.8,12.3,2.70052360540129
25/4/2007,29,13.4,2.77304575748657
26/4/2007,28,12.7,2.64952610659187
27/4/2007,29.6,14.8,2.87698819397526
28/4/2007,28.6,17.8,2.99263834689135
29/4/2007,24.3,15.4,2.54864231009995
30/4/2007,27.9,10.4,2.4473801199085
1/5/2007,28.3,11.4,2.52511268598248
2/5/2007,28.3,11.7,2.53245876913658
3/5/2007,27.4,12.1,2.48930075896509
4/5/2007,26.4,11.2,2.35870151041132
5/5/2007,25.6,10.4,2.24802290096726
6/5/2007,26.4,11.2,2.33726873360618
7/5/2007,28.9,11.2,2.48140986752086
8/5/2007,29.2,12,2.53802975939476
9/5/2007,28,11.6,2.42858531840721
10/5/2007,27.3,14.8,2.57047616782528
11/5/2007,24,14,2.30995922956064
12/5/2007,25.8,11.4,2.25149053786364
13/5/2007,26.2,12.4,2.32615960229065
14/5/2007,28,8.9,2.21423369924694
15/5/2007,28.2,10.3,2.30050875656987
16/5/2007,28.7,12.2,2.43374484372246
17/5/2007,28.3,12.2,2.40004373464355
18/5/2007,27.4,10.4,2.23096862624013
19/5/2007,27.8,11.4,2.30436730242244
20/5/2007,27,16.1,2.52368198595507
21/5/2007,28.8,12.5,2.40895213416592
22/5/2007,28.1,12.6,2.36495899991319
23/5/2007,28.1,12.6,2.35616827550674
24/5/2007,18.6,14,1.88037749481549
25/5/2007,24.6,7.6,1.85068699943972
26/5/2007,26.6,9.6,2.07334068164534
27/5/2007,29.3,14,2.47156218433837
28/5/2007,27.8,14.2,2.38941852008595
29/5/2007,27.4,13.5,2.31934015379011
30/5/2007,26.1,12.9,2.2046721255179
31/5/2007,27.2,10.9,2.14725602331317
1/6/2007,26.8,12.4,2.2027573116216
2/6/2007,28.2,10.1,2.14607273654701
3/6/2007,28.6,11.6,2.2463694372758
4/6/2007,25.6,15.6,2.29618672861528
5/6/2007,27.4,10.1,2.08469477313588
6/6/2007,27.3,12.4,2.20165995608451
7/6/2007,27.4,14,2.29063984189742
8/6/2007,27,10.2,2.05373881313688
9/6/2007,25.6,11.2,2.02742961196611
10/6/2007,26,11,2.03444551985803
11/6/2007,27.2,14.4,2.283155359438
12/6/2007,27,8,1.91760913571319
13/6/2007,27.8,10.6,2.10051580854273
14/6/2007,29,10.5,2.15748552605465
15/6/2007,27.8,11.8,2.16001112949183
16/6/2007,25.9,8.6,1.87950879478562
17/6/2007,26.7,10.6,2.0298011072191
18/6/2007,27.2,11.7,2.1147984256282
19/6/2007,26,12.3,2.08040830276305
20/6/2007,25.4,11.5,2.00291544780918
21/6/2007,25.6,9.8,1.92035817861037
21/3/2008,27.2,15,3.1781832437272
22/3/2008,27.8,13.4,3.09239092398985
23/3/2008,28.2,13.2,3.0967269555676
24/3/2008,27.4,16.2,3.24989588252244
25/3/2008,26.6,15,3.0898113380255
26/3/2008,27.3,15.1,3.13787600907448
27/3/2008,25.3,14.6,2.9420502018672
28/3/2008,28.9,14.5,3.18823646782201
29/3/2008,29,15.6,3.26404414218209
30/3/2008,28.6,15.6,3.22241145439702
31/3/2008,27.1,14.2,2.99932813631956
1/4/2008,26.9,12.4,2.84288845805863
2/4/2008,26.2,12.2,2.76675357229555
3/4/2008,26.7,16,3.06420839873024
4/4/2008,24.8,15.8,2.90166568883666
5/4/2008,25.4,14.5,2.83991599777743
6/4/2008,25.1,14.4,2.79976713227407
7/4/2008,27.7,17,3.155049369398
8/4/2008,28.4,13.5,2.94488782393672
9/4/2008,28.2,16.6,3.13524742087943
10/4/2008,29.4,13.3,2.97539378655353
11/4/2008,29.2,13.4,2.95551656767709
12/4/2008,29.4,14.8,3.05308235479864
13/4/2008,28.5,12.5,2.81954213702543
14/4/2008,26.6,13.6,2.7522389050835
15/4/2008,28,13.1,2.80126992399004
16/4/2008,27.5,14.2,2.82937718856255
17/4/2008,27.2,14.8,2.83684260452793
18/4/2008,27,14,2.75671199155195
19/4/2008,28.8,12.6,2.77090000280742
20/4/2008,27.2,15.3,2.83148834236297
21/4/2008,28.4,13.8,2.79857531062252
22/4/2008,28.2,12.4,2.68005476295826
23/4/2008,24.9,14.6,2.59539373268494
24/4/2008,28.3,12.2,2.64878191458033
25/4/2008,28.2,12.2,2.62999643013051
26/4/2008,28.1,11.4,2.55948274013565
27/4/2008,28.3,13,2.66370611479769
28/4/2008,28.8,12.4,2.64493861904579
29/4/2008,29.4,12.6,2.68381109754979
30/4/2008,28.2,13.7,2.66504336379511
1/5/2008,26.8,12.8,2.50713418144521
2/5/2008,26,15.2,2.59643522200915
3/5/2008,27.4,11.5,2.44025236050533
4/5/2008,25.4,10.1,2.21680036067605
5/5/2008,26.5,12.8,2.44294311783838
6/5/2008,27.8,11.6,2.43809348579357
7/5/2008,26.7,10.4,2.28545883673654
8/5/2008,26.6,6.1,2.00542272504838
9/5/2008,26.4,11.8,2.33235604776545
10/5/2008,27,9.6,2.22485546847156
11/5/2008,26,9.3,2.13649505340286
12/5/2008,24.4,11.6,2.16947527674776
13/5/2008,23.6,12.8,2.18423053259047
14/5/2008,24.8,10,2.07942090204238
15/5/2008,25.1,7.7,1.95175625609039
16/5/2008,25.5,8.1,1.99114739466724
17/5/2008,25.5,9.8,2.08341779117133
18/5/2008,26.2,12.6,2.28085335035691
19/5/2008,25.8,9.2,2.04939372409344
20/5/2008,26.3,6.3,1.90149732624235
21/5/2008,26,6.5,1.88848077388645
22/5/2008,26.4,7.6,1.96829782229064
23/5/2008,26.6,6.8,1.9265217278171
24/5/2008,27.2,8,2.02311125404591
25/5/2008,26.2,7.1,1.90724432869585
26/5/2008,26.6,8.5,2.00350652818191
27/5/2008,27.5,9.7,2.11634211779041
28/5/2008,27.3,11.8,2.21726650399006
29/5/2008,26.7,10.8,2.11987704376721
30/5/2008,27.4,10.7,2.14725602331317
31/5/2008,26.6,13.7,2.26456937903955
1/6/2008,25,12.6,2.10684947504354
2/6/2008,24.6,11.5,2.01726210660837
3/6/2008,24.9,10.2,1.95621733433001
4/6/2008,25.2,9.7,1.9401559355318
5/6/2008,26.4,7.4,1.87446112130117
6/6/2008,26,9.1,1.9420642137826
7/6/2008,25.8,10.4,1.99853078052567
8/6/2008,26.2,12.6,2.13761600392079
9/6/2008,25.6,9.5,1.92997399316262
10/6/2008,27,7.9,1.91543562606697
11/6/2008,26.2,9,1.92856690220298
12/6/2008,26.7,9.5,1.98017375701164
13/6/2008,27.4,5.4,1.7915322849264
14/6/2008,26.1,7.8,1.84910043661043
15/6/2008,26.6,6.2,1.78689531794111
16/6/2008,26.9,6.2,1.80124441418103
17/6/2008,26.8,12.1,2.1147984256282
18/6/2008,26.2,7.8,1.84683765780532
19/6/2008,26.4,8.8,1.91064021037624
20/6/2008,26.2,7.2,1.8118633662595
21/6/2008,26.4,7,1.81102591497003
21/3/2009,29,15,3.32478007711331
22/3/2009,29,18.5,3.57733895917161
23/3/2009,26.2,16.5,3.20497797219337
24/3/2009,27.6,16,3.26128732518713
25/3/2009,26.4,18.1,3.31698088927175
26/3/2009,26.4,17,3.22350509784391
27/3/2009,26,16,3.10827340521528
28/3/2009,27.7,15.6,3.19275122157518
29/3/2009,28.4,17,3.33515980735298
30/3/2009,28.2,17.2,3.32259201917191
31/3/2009,28,16.3,3.2297019780495
1/4/2009,26.7,17.7,3.22445930393677
2/4/2009,28.6,17.7,3.34925535898511
3/4/2009,26.6,17.8,3.19905881796674
4/4/2009,25.4,17.8,3.10008905913691
5/4/2009,26.7,15.6,3.02316400585691
6/4/2009,25.1,17.8,3.05344351640731
7/4/2009,23.6,17.3,2.89899938506353
8/4/2009,24,17.2,2.90800970960173
9/4/2009,26.6,17.3,3.08545526183346
10/4/2009,27.6,15.2,2.9952810181616
11/4/2009,28,16,3.06597954586313
12/4/2009,26.4,17.2,3.024894890862
13/4/2009,26.6,18.6,3.12215661621942
14/4/2009,27.7,15.6,2.97771157398052
15/4/2009,27.8,14.7,2.90970531010072
16/4/2009,27.4,15.8,2.94440050404792
17/4/2009,26.8,17.8,3.02614442709568
18/4/2009,26.7,12.8,2.66798292568698
19/4/2009,26.6,14.2,2.7432646159834
20/4/2009,27.4,11,2.57011014753152
21/4/2009,27.1,11.9,2.59830694946249
22/4/2009,25.5,12.6,2.52667581361891
23/4/2009,25.8,15,2.69325700316988
24/4/2009,27.4,16.3,2.87135964856536
25/4/2009,25.7,16.2,2.74034474619545
26/4/2009,23.6,16,2.5779172929002
27/4/2009,26.8,15.5,2.74091442804399
28/4/2009,28,12.7,2.62500820513961
29/4/2009,28,16.5,2.85679049872664
30/4/2009,26.2,17.6,2.79883157315907
1/5/2009,25,17,2.67140384915023
2/5/2009,25,14.2,2.48180959375385
3/5/2009,24.5,11.8,2.28763588735273
4/5/2009,25.9,12.2,2.39006722198594
5/5/2009,25.4,12.8,2.38540207824859
6/5/2009,26,12.1,2.36834943485095
7/5/2009,27,14.3,2.55566652191051
8/5/2009,27.4,12.6,2.46410656251918
9/5/2009,27,12.6,2.42858531840721
10/5/2009,27.4,12.5,2.43615199753512
11/5/2009,27.1,13.5,2.46800907158321
12/5/2009,27.2,12.3,2.39069559800037
13/5/2009,26.9,11.8,2.33218592250384
14/5/2009,27.7,11.8,2.37025016586054
15/5/2009,26.3,15.3,2.4857445265794
16/5/2009,24.4,15.3,2.36233912703623
17/5/2009,23.2,15.2,2.27559702247685
18/5/2009,24,17.5,2.44934386214194
19/5/2009,23.5,15.7,2.30436730242244
20/5/2009,23.4,12.2,2.08452618793504
21/5/2009,22.8,9.8,1.90149732624235
22/5/2009,23.9,10.1,1.9756414249889
23/5/2009,25.4,12.2,2.17670582700377
24/5/2009,26.2,12.4,2.22645924232755
25/5/2009,26.6,12.4,2.24151530988041
26/5/2009,27.3,11.4,2.21652719280869
27/5/2009,27.2,8.7,2.0491704946362
28/5/2009,26,10.8,2.09358575093245
29/5/2009,26.6,10.9,2.12653437083445
30/5/2009,26.8,12.6,2.22728414731809
31/5/2009,26,11.8,2.13034849557055
1/6/2009,26.4,15.3,2.34323928302604
2/6/2009,25.2,14.9,2.24693255184165
3/6/2009,21.6,7.6,1.6316912330461
4/6/2009,26,6.3,1.80016580908431
5/6/2009,26,7.3,1.85120895854467
6/6/2009,25.8,13.3,2.16838549830994
7/6/2009,25.3,9.8,1.9420642137826
8/6/2009,22.1,11.7,1.86603150225878
9/6/2009,23.9,10.9,1.91724322001143
10/6/2009,26.2,11.3,2.06193802688314
11/6/2009,26,11,2.03069106488476
12/6/2009,25.2,10.8,1.97239796816214
13/6/2009,23.9,11.1,1.91453263799468
14/6/2009,24.8,10.2,1.91169603574463
15/6/2009,26.1,10.7,2.00728306983079
16/6/2009,26.5,11.6,2.07563145163281
17/6/2009,26.8,11.3,2.07333571541683
18/6/2009,25.3,11.5,2.00063192964313
19/6/2009,25.9,11.8,2.04781704997825
20/6/2009,25.8,11.4,2.01919931323853
21/6/2009,24,11.3,1.91493343799283
21/3/2010,29.4,16.8,3.50243605452961
22/3/2010,29.1,18.5,3.59680753796804
23/3/2010,25.8,18.4,3.32880804200811
24/3/2010,26.9,16.7,3.27253020111547
25/3/2010,27.5,18.3,3.42584769480667
26/3/2010,28.5,17.5,3.42878923385395
27/3/2010,28,14.8,3.17894051123777
28/3/2010,29,14.8,3.24148512258165
29/3/2010,27.3,15.7,3.17063054336565
30/3/2010,28.3,15.4,3.21027496875166
31/3/2010,26.8,16.4,3.16158535744992
1/4/2010,26.4,18,3.23699250170198
2/4/2010,25.7,18.4,3.202672416748
3/4/2010,27.1,14.1,2.98033090259582
4/4/2010,24.8,17.8,3.06936724426538
5/4/2010,28.7,17.3,3.30102075741431
6/4/2010,26.7,17.4,3.15180928270189
7/4/2010,26,15.4,2.94667975709237
8/4/2010,26.5,12.5,2.76432704199212
9/4/2010,25.5,11.9,2.63979522182293
10/4/2010,26.9,12.3,2.75512178277612
11/4/2010,26.1,14.3,2.8273213349002
12/4/2010,24.8,11.7,2.54336939600009
13/4/2010,26.1,11.2,2.58781145479708
14/4/2010,26.6,14.4,2.83204471825213
15/4/2010,27.5,15.8,2.97771157398052
16/4/2010,28.7,14.1,2.93024440640731
17/4/2010,29.3,13.5,2.91713753641785
18/4/2010,28.5,16.7,3.06685489024047
19/4/2010,28.1,15.8,2.96517596044705
20/4/2010,28.1,16.4,2.9920410640015
21/4/2010,29,15,2.94491787737987
22/4/2010,29.7,13.6,2.88478694645451
23/4/2010,30.5,12.2,2.83173378586687
24/4/2010,30.1,12.8,2.83188052539186
25/4/2010,28.5,17.1,2.99620137241603
26/4/2010,28.7,12.7,2.70764373490434
27/4/2010,29.3,14,2.81878330259037
28/4/2010,29.2,13.1,2.74091442804399
29/4/2010,28.7,18.9,3.07003416620751
30/4/2010,29.3,13.8,2.76691394371052
1/5/2010,28.9,16.5,2.90107199592287
2/5/2010,28.4,14.2,2.70956676128095
3/5/2010,27,14.1,2.60210138528784
4/5/2010,27.7,11.5,2.47039467725143
5/5/2010,26.9,12.1,2.44652550282025
6/5/2010,30,17,2.49780322329695
7/5/2010,29.3,11.5,2.53618522157267
8/5/2010,29.8,13.1,2.65467539443005
9/5/2010,30.4,13.6,2.7105172187711
10/5/2010,27.8,16.9,2.74135767002026
11/5/2010,27.5,15.3,2.61321567655396
12/5/2010,27.3,13,2.44977255134983
13/5/2010,27.5,9.9,2.26359532570161
14/5/2010,30,10.2,2.42258072570166
15/5/2010,29.7,13.6,2.59827423244966
16/5/2010,29.7,13.3,2.56939939045467
17/5/2010,29.1,10.6,2.36233912703623
18/5/2010,29,13.5,2.51856441289755
19/5/2010,29.9,14.1,2.59689469721073
20/5/2010,28.9,17.3,2.71586146356931
21/5/2010,29.3,10.2,2.31288720290546
22/5/2010,29.5,9.2,2.25729897317726
23/5/2010,30,9.4,2.28941976895773
24/5/2010,30.2,11.4,2.40827027668502
25/5/2010,28.9,14.8,2.52062872771279
26/5/2010,27.9,14.7,2.44842441540783
27/5/2010,26.7,14.4,2.35398624352551
28/5/2010,25.5,11.8,2.1290824359312
29/5/2010,25.9,10.8,2.08789665921796
30/5/2010,28.5,9.6,2.16055892076781
31/5/2010,27.5,10.2,2.13118305466731
1/6/2010,26.1,12.8,2.19234276396016
2/6/2010,28.1,13.1,2.31514288874515
3/6/2010,25.7,10.6,2.03400627510852
4/6/2010,26.5,13.9,2.25754540462543
5/6/2010,28.5,10.8,2.19029462219855
6/6/2010,22.8,14.2,2.05689884282741
7/6/2010,28.5,10,2.13511104053536
8/6/2010,28,10.6,2.13571734051306
9/6/2010,26.8,11.5,2.11446764900921
10/6/2010,26.1,11.1,2.04946689035704
11/6/2010,26.7,9.8,2.00695301283292
12/6/2010,26.5,11.3,2.0745978987201
13/6/2010,25.4,11.6,2.02718680061109
14/6/2010,24.7,7.7,1.77231021345793
15/6/2010,26.9,5.9,1.7915322849264
16/6/2010,26.9,6.7,1.83273671593246
17/6/2010,27.3,6.3,1.83047813057382
18/6/2010,27.9,7.4,1.92096458672478
19/6/2010,27.9,7,1.89733843327569
20/6/2010,29.2,7.4,1.98806641987278
21/6/2010,29.4,7.4,1.99748749266607
21/3/2011,26.7,18.5,3.44845493432993
22/3/2011,25.1,18.1,3.2855191546408
23/3/2011,26.2,18.4,3.38113956779265
24/3/2011,28.2,16.5,3.37767430561284
25/3/2011,28.8,17.3,3.47190160037497
26/3/2011,29.3,15.3,3.34758823325115
27/3/2011,29.6,14.9,3.32860747639512
28/3/2011,29.1,15.3,3.30952699963294
29/3/2011,28.2,14.4,3.16408564903572
30/3/2011,28.9,17,3.39689879284242
31/3/2011,29.8,14.9,3.29598105321964
1/4/2011,29.4,14.1,3.19558263479856
2/4/2011,30.2,15.2,3.32259201917191
3/4/2011,28.8,15.3,3.21512093074454
4/4/2011,28.1,17.1,3.28255766977346
5/4/2011,26,17.5,3.14670859861452
6/4/2011,26.7,17.6,3.19185373053888
7/4/2011,27.8,15.8,3.12879358746226
8/4/2011,26.9,18,3.20898496129966
9/4/2011,26.3,14,2.86838633359474
10/4/2011,25.7,16.6,2.99823163785299
11/4/2011,27.3,13.1,2.8515435016483
12/4/2011,28.3,14.5,3.00814317099025
13/4/2011,28.2,15.8,3.0792608597923
14/4/2011,27.7,16.2,3.05901141053162
15/4/2011,27.7,16.5,3.06652188477294
16/4/2011,27.5,17.1,3.08071205936695
17/4/2011,27.1,15.5,2.92957304968984
18/4/2011,27.6,13.3,2.80016346313222
19/4/2011,27.1,15.2,2.88305882688026
20/4/2011,27.2,12.9,2.72081595350979
21/4/2011,28.2,12.7,2.76254434583791
22/4/2011,28.8,16.1,3.0189358151386
23/4/2011,28.3,13.8,2.81775096903847
24/4/2011,28.7,16.4,3.00470880566047
25/4/2011,28.2,12.2,2.67920479974289
26/4/2011,30,17,2.64044804232341
27/4/2011,26.7,14.2,2.68738237131175
28/4/2011,24.7,10.3,2.28907079037806
29/4/2011,26.6,10.6,2.42167988120928
30/4/2011,27.9,11,2.52060452129814
1/5/2011,27.8,12.6,2.60565925031057
2/5/2011,28.7,12.4,2.63851886511607
3/5/2011,26.9,17.4,2.83078170527276
4/5/2011,28.3,15.9,2.81133452696286
5/5/2011,28.4,15.2,2.76038005835887
6/5/2011,28.3,15,2.72877779400477
7/5/2011,27.5,15.8,2.71627062236197
8/5/2011,26.8,12.1,2.42911363465629
9/5/2011,26.6,11.4,2.362133294602
10/5/2011,26.5,10.2,2.27101601341685
11/5/2011,26.5,10.1,2.25465750470505
12/5/2011,26.6,9.4,2.20780483491565
13/5/2011,26.7,11.2,2.31403911545316
14/5/2011,26.9,11.4,2.32819574979401
15/5/2011,27.8,12.2,2.42095756759531
16/5/2011,27.8,10.8,2.32615960229065
17/5/2011,27.5,13.4,2.45425903249864
18/5/2011,26,11.6,2.24673062979292
19/5/2011,25.8,12,2.24928007561636
20/5/2011,24.4,13.2,2.22818875117525
21/5/2011,25.1,13.6,2.28408692686489
22/5/2011,23.2,8.2,1.84584523714451
23/5/2011,21.9,9.6,1.8444543516841
24/5/2011,25.1,8.6,1.96565827896831
25/5/2011,26.7,10.2,2.14415201712031
26/5/2011,26.8,12.9,2.29827716308642
27/5/2011,25.5,10.2,2.05918639769672
28/5/2011,25.5,8.2,1.93689912674281
29/5/2011,26.5,8.4,1.99888369584039
30/5/2011,26.8,11.3,2.17474640238549
31/5/2011,24.9,9.5,1.95704754978468
1/6/2011,26.5,15,2.35336470372346
2/6/2011,26.6,11.9,2.17640709826767
3/6/2011,28.2,14.3,2.39523309687164
4/6/2011,27.8,14.6,2.38257423501928
5/6/2011,25.8,13.4,2.19650264419433
6/6/2011,26.4,9.9,2.028438073958
7/6/2011,27.6,12.3,2.2237342347512
8/6/2011,27.1,12.2,2.18476012224641
9/6/2011,28.6,13.3,2.32366630125796
10/6/2011,20.4,12.8,1.83693823070035
11/6/2011,23.6,14.8,2.11998845227033
12/6/2011,26.1,10.7,2.02742961196611
13/6/2011,25.5,11.4,2.02894701845301
14/6/2011,25.2,10.3,1.94836575144348
15/6/2011,23.4,9.9,1.82446812054998
16/6/2011,24,11.4,1.93641301100033
17/6/2011,24.6,9.6,1.86800012635618
18/6/2011,26.3,6.6,1.7945547010172
19/6/2011,27.1,7.3,1.87406094320653
20/6/2011,28.1,8.2,1.97538284697194
21/6/2011,27.1,8.6,1.94083043174619
21/3/2012,26.3,16.7,3.39853332424897
22/3/2012,28.7,17.5,3.64288143386794
23/3/2012,25.7,18.5,3.4767934156331
24/3/2012,28.3,16.7,3.53098730326708
25/3/2012,29.5,16,3.56119247959888
26/3/2012,28.6,18,3.63784084698907
27/3/2012,28.3,17.1,3.53476570291536
28/3/2012,29.1,14.9,3.4164707500845
29/3/2012,29.4,18.4,3.70123298697742
30/3/2012,29.3,17.5,3.61352565391555
31/3/2012,28.7,17.3,3.54146690212403
1/4/2012,27.8,16.1,3.36979366375703
2/4/2012,27.7,15.9,3.33666160438192
3/4/2012,27,16.7,3.33401505819066
4/4/2012,28.5,16.3,3.40720504925712
5/4/2012,29.9,15.6,3.44936884158219
6/4/2012,30.6,16.6,3.56658226453973
7/4/2012,28.8,16,3.37399548149238
8/4/2012,26.3,17.4,3.28003600432904
9/4/2012,25.1,18,3.22388724118269
10/4/2012,26.9,16.5,3.23498810324481
11/4/2012,27.9,17.4,3.36462628876334
12/4/2012,26.7,15.8,3.14527666003928
13/4/2012,27.8,15.3,3.17800410276883
14/4/2012,28.4,14.8,3.17354413386892
15/4/2012,27.9,18.5,3.39577686540917
16/4/2012,29.8,17.3,3.43383664031899
17/4/2012,28.5,18,3.3769675142581
18/4/2012,27.8,18.8,3.37095679759624
19/4/2012,27.1,15.9,3.09818759397679
20/4/2012,27.2,13.1,2.89198122877819
21/4/2012,29.3,13.3,3.04460488533108
22/4/2012,29.7,15.2,3.19579519549389
23/4/2012,27.9,15.9,3.10455190869884
24/4/2012,27.7,16.9,3.14799109340382
25/4/2012,27.4,17.1,3.12762549320248
26/4/2012,29.2,18.9,3.36619198536385
27/4/2012,28.7,19.6,3.36560936511793
28/4/2012,28.6,18.5,3.26771902200918
29/4/2012,29.8,15.8,3.14978632078774
30/4/2012,30,17,2.75077281661018
1/5/2012,25.5,16.5,2.87547348292306
2/5/2012,26.9,12.1,2.65813934393215
3/5/2012,25.7,15.7,2.80902195699016
4/5/2012,30,17,2.70175486145517
5/5/2012,24.8,15.7,2.72309355263058
6/5/2012,25.4,11.8,2.48979420542116
7/5/2012,25.9,12.1,2.53168369434807
8/5/2012,30,17,2.65267801954742
9/5/2012,25.6,10.7,2.3962065984085
10/5/2012,27,14.9,2.75308854175947
11/5/2012,28,13.6,2.72072413942078
13/5/2012,24.5,15.8,2.62348653797672
14/5/2012,23.1,14.9,2.46228719304189
15/5/2012,23.5,16.3,2.5669613406525
16/5/2012,30,17,2.56790157188912
17/5/2012,20.1,15,2.2428992743809
18/5/2012,23.1,12.3,2.25161181571234
19/5/2012,23.5,11.2,2.19690798222598
21/5/2012,21.4,13.9,2.22461561497386
22/5/2012,21.3,13.3,2.17050724096361
23/5/2012,24.2,12.3,2.27924544125847
24/5/2012,30,17,2.48645609958105
25/5/2012,24.1,15,2.41952932219615
26/5/2012,26.9,12.1,2.4025038984562
27/5/2012,25.8,13.2,2.39178857115862
28/5/2012,30,17,2.44225764163922
29/5/2012,27.9,15.7,2.65037427391694
30/5/2012,28,13.7,2.52384826421811
31/5/2012,27.3,15.5,2.57926505124456
1/6/2012,30,17,2.400253332517
2/6/2012,27.1,14.5,2.4857445265794
3/6/2012,28.3,13.2,2.46944770206558
4/6/2012,27.3,13.6,2.42374787029435
5/6/2012,30,17,2.36081336110066
6/6/2012,25.9,15.2,2.41605857473373
7/6/2012,26.6,16.3,2.51197116467453
8/6/2012,26.4,13,2.29812867036652
10/6/2012,30,13.2,1.53402745940315
11/6/2012,30,11.9,1.37780847560345
12/6/2012,25.2,11.2,2.09956260157313
13/6/2012,30,17,2.2989900614158
14/6/2012,25.5,12.7,2.18788989057602
15/6/2012,24.5,11.8,2.07200247786334
16/6/2012,24.3,11.3,2.02531665035857
18/6/2012,26.2,11.1,2.11519285419
19/6/2012,27.8,12.6,2.28381420181854
20/6/2012,27.6,13.7,2.32760298590115
21/6/2012,30,17,2.24771154247102
21/3/2013,26.3,17.7,3.61351296391059
22/3/2013,25.7,18.2,3.60133705064129
23/3/2013,25.6,18,3.57263085166853
24/3/2013,26.4,17.3,3.57655737255185
25/3/2013,26.2,17.6,3.58029884015601
26/3/2013,27.4,16,3.54303320339945
27/3/2013,28.2,16.8,3.66873945334468
28/3/2013,25.7,18,3.55781059265332
29/3/2013,27.6,18.5,3.74780639126495
30/3/2013,23.9,18.6,3.44998684748607
31/3/2013,27.2,18.6,3.71213176900231
1/4/2013,28.6,15.6,3.57673157879005
2/4/2013,27.4,16.5,3.54659200201885
3/4/2013,28.5,16.8,3.65345439163922
4/4/2013,27.5,17,3.58261490488116
5/4/2013,26.2,16.2,3.40734548805136
6/4/2013,28.4,18.8,3.78597558003281
7/4/2013,26.3,17.6,3.51447831291147
8/4/2013,27.9,18,3.66728255350241
9/4/2013,27.2,17,3.52422697970696
10/4/2013,24.5,17.6,3.3497159391248
11/4/2013,25.1,17,3.34246165974101
12/4/2013,26.9,18,3.55683017913835
13/4/2013,28.6,16.2,3.54079750991521
14/4/2013,26.1,15.5,3.28017029543087
15/4/2013,28.3,16.1,3.49252551253642
16/4/2013,27.3,16.8,3.46036755720174
17/4/2013,26.5,14.8,3.2324670199436
18/4/2013,27.1,14.5,3.2475145758529
19/4/2013,25.5,16.2,3.2466900839553
20/4/2013,25.2,12.8,2.95058837507298
21/4/2013,24.3,12.6,2.85722797530265
22/4/2013,23.5,12.4,2.77191390973437
23/4/2013,23.7,12.3,2.77158279296663
24/4/2013,23.9,14,2.909229609485
25/4/2013,25.4,13.4,2.96932271215639
26/4/2013,26.2,12.4,2.94491947931715
27/4/2013,25.3,12.8,2.89764536555126
28/4/2013,25.6,12.9,2.91869671210801
29/4/2013,27.4,10.3,2.84873202061754
30/4/2013,27.3,12,2.95977728621988
1/5/2013,27.5,12,2.9647922693592
2/5/2013,26.9,13.2,2.99948673715606
3/5/2013,27,13.2,2.9964636348028
4/5/2013,27.4,12.3,2.94869014710606
5/5/2013,28.1,11,2.89365452723613
6/5/2013,28.8,10.6,2.90518240485132
7/5/2013,28.2,14.6,3.14415946596272
8/5/2013,25.9,13.3,2.86884597250085
9/5/2013,27.3,9.6,2.69020322776584
10/5/2013,26.4,12,2.78872156016153
11/5/2013,26.2,11.8,2.74884889074371
12/5/2013,26.9,12.5,2.83880444657408
13/5/2013,27,12.9,2.86327670045284
14/5/2013,26.9,14.4,2.9516944076097
15/5/2013,27.4,13.7,2.92532700522938
16/5/2013,27,13.6,2.87773533089436
17/5/2013,27.6,12.6,2.83742694965994
18/5/2013,26.6,11.6,2.68483806382775
19/5/2013,25.4,14,2.75733813354128
20/5/2013,25.2,11.6,2.56427380199462
21/5/2013,27.5,10.5,2.63637628102651
22/5/2013,27.4,11.6,2.69389619541056
23/5/2013,28.1,12.3,2.77828054477628
24/5/2013,29.3,12,2.82754892487435
25/5/2013,26.8,13.4,2.73992824682237
26/5/2013,25.8,13.3,2.65296518160182
27/5/2013,26.7,15.9,2.87736892744976
28/5/2013,28.1,13.6,2.80377780604186
29/5/2013,28.5,15.8,2.96499686290746
30/5/2013,21,14.6,2.37178788207345
31/5/2013,25,14.7,2.63278293440081
1/6/2013,22.6,17.8,2.66685252274665
2/6/2013,25.4,16.2,2.73337669062515
3/6/2013,20.9,16.2,2.42641503780075
4/6/2013,20.3,14.8,2.28497214597972
5/6/2013,24.7,15.2,2.58540155269398
6/6/2013,25.8,13.4,2.52826343099442
7/6/2013,26.6,14.1,2.61283984939718
8/6/2013,25.2,16.6,2.67103104470432
9/6/2013,25.1,16.3,2.63324093701951
10/6/2013,23,15.1,2.41216697760259
11/6/2013,24.8,14.5,2.47669670448931
12/6/2013,26,14.8,2.55944206448888
13/6/2013,25.7,14.3,2.49780322329695
14/6/2013,25.8,12.3,2.36834943485095
15/6/2013,26.6,12.8,2.43809348579357
16/6/2013,27.7,15.3,2.64891455470812
17/6/2013,27.8,13.9,2.55737393377729
18/6/2013,27.2,14.4,2.53994794730478
19/6/2013,26.7,15,2.53487631243891
20/6/2013,25.8,21.1,2.8385727480055
21/6/2013,28,11.2,2.36231752356978
21/3/2014,27.9,17.3,3.75744575773663
22/3/2014,28.8,17.1,3.81373617428179
23/3/2014,28.8,16.5,3.76189500704693
24/3/2014,23.9,18.4,3.51079735040409
25/3/2014,26.1,18,3.65802703747742
26/3/2014,26.3,18.5,3.71376862596298
27/3/2014,22.9,18.1,3.39652135661231
28/3/2014,25,17.3,3.50178320547012
29/3/2014,27.4,18.5,3.79703213861629
30/3/2014,25.6,17.3,3.5461365566688
31/3/2014,26.4,17.5,3.62587400067846
1/4/2014,27.2,17.6,3.69708340182556
2/4/2014,28.6,17.3,3.78450915598099
3/4/2014,23.7,17.3,3.37736923469889
4/4/2014,27,16,3.53869149251458
5/4/2014,28.2,18.5,3.83929971640381
6/4/2014,27.7,18.3,3.77776355317926
7/4/2014,29,16.5,3.73259307071022
8/4/2014,29.2,18.9,3.94136568727652
9/4/2014,29.7,16.9,3.81390328514683
10/4/2014,28.8,18.3,3.85004738290749
11/4/2014,27.8,17.1,3.66548826803308
12/4/2014,26.6,17.7,3.61167017295932
13/4/2014,28.9,17.7,3.79391243976304
14/4/2014,29,16.3,3.68276853631892
15/4/2014,28.1,17.1,3.66916248250283
16/4/2014,25.4,18.8,3.58245030982319
17/4/2014,27.6,16.6,3.57673157879005
18/4/2014,28.2,16.3,3.59506478564554
19/4/2014,28.2,16.1,3.57280418431827
20/4/2014,29,14.9,3.53430998481535
21/4/2014,28.2,17,3.63235886933777
22/4/2014,28.1,15.9,3.52929926952211
23/4/2014,24.1,17.7,3.34635976035762
24/4/2014,25.4,15,3.22784782486923
25/4/2014,26,16.3,3.3727330597648
26/4/2014,26.4,16.2,3.38949878875811
27/4/2014,26.6,14.9,3.29482562658555
28/4/2014,25.4,13.7,3.09737327403807
29/4/2014,23.7,11.7,2.79786231810264
30/4/2014,24,10.2,2.69667846403211
1/5/2014,25.9,11.2,2.91830397556534
2/5/2014,26.4,9.7,2.83263648106537
3/5/2014,30,17,2.676764457193
4/5/2014,30,17,2.89622093183035
5/5/2014,30,17,2.81068374174547
6/5/2014,26.6,14.9,3.2223530938297
7/5/2014,26.7,12.2,3.0120912801971
8/5/2014,25.7,14.7,3.11936829953394
9/5/2014,26.7,15.9,3.27970630501052
10/5/2014,26.6,16,3.27000478533142
11/5/2014,26.1,15.8,3.20656241338538
12/5/2014,23.9,14.5,2.92966082916525
13/5/2014,24.4,12.9,2.83680241824309
14/5/2014,25.2,9.5,2.63061755610773
15/5/2014,26.5,10.6,2.80339411047509
16/5/2014,27.2,10.2,2.81668372785301
17/5/2014,27.4,13.5,3.06987351434915
18/5/2014,26.6,15.2,3.12664702277115
19/5/2014,27.1,16.4,3.24244199288362
20/5/2014,26.2,15.5,3.09723876912652
21/5/2014,26.9,13.1,2.96026038591932
22/5/2014,27.8,12.9,3.0010386770926
23/5/2014,27.9,13.9,3.07069779619724
24/5/2014,28,16.5,3.25672565755837
25/5/2014,28,17.8,3.33905983283673
26/5/2014,28.1,14.9,3.12278716372254
27/5/2014,24.8,16.5,2.9875647154662
28/5/2014,26.7,12.7,2.83880444657408
29/5/2014,26.9,8.4,2.53317462471141
30/5/2014,25.6,9.6,2.51572985830173
31/5/2014,26.2,14.9,2.92532700522938
1/6/2014,27.4,12.6,2.83520722255602
2/6/2014,25.5,15.8,2.91506798559591
3/6/2014,25.5,13.8,2.76215015467096
4/6/2014,26.3,12.8,2.73634317313361
5/6/2014,30,13.5,1.88139653950692
6/6/2014,28,13,2.84451125058124
7/6/2014,27.2,13,2.7767853091155
8/6/2014,26,14.1,2.7576497486517
9/6/2014,30,12.1,1.65682043539853
10/6/2014,25.9,14.7,2.76719121445244
11/6/2014,25.3,14.7,2.714030876319
12/6/2014,25.2,12,2.51263202115331
13/6/2014,30,13.9,1.86918520402791
14/6/2014,24.6,13.7,2.56341715235566
15/6/2014,24.4,13.8,2.54500834537095
16/6/2014,25.8,13.6,2.6128878492542
17/6/2014,30,14.3,1.88792035026124
18/6/2014,24.2,14.6,2.54939941337154
19/6/2014,26.9,13.8,2.66186231909678
20/6/2014,25.8,12.9,2.51932826351611
21/3/2015,24.3,15.1,3.29175948685104
22/3/2015,25.5,15.7,3.44201593663793
23/3/2015,28.1,16.4,3.71751975635791
24/3/2015,24.6,17.1,3.48337776357003
25/3/2015,28.8,15.7,3.7169712418621
26/3/2015,30,14.8,2.47217250546369
27/3/2015,23.6,16.8,3.37379944074931
28/3/2015,29,15.1,3.68230736888673
29/3/2015,29.5,14.7,3.69011346164419
30/3/2015,29.2,15.1,3.69785056043256
31/3/2015,28.3,17.8,3.8473936492952
1/4/2015,30.1,15.4,3.79654675502561
2/4/2015,29,16.6,3.80404052064077
3/4/2015,26.3,16.1,3.53622622147414
4/4/2015,28.4,18,3.8688035661634
5/4/2015,25.7,16.8,3.54260250439887
6/4/2015,29.1,15.2,3.69149212767995
7/4/2015,27.3,15.5,3.56530166621814
8/4/2015,26.8,17.4,3.68059704546757
9/4/2015,25.6,16.3,3.48772583031579
10/4/2015,27.6,16.8,3.69429890430752
11/4/2015,27.2,16.1,3.60118760655329
12/4/2015,27.4,16.8,3.67431642681326
13/4/2015,23.3,16.3,3.29028218957645
14/4/2015,27.5,16,3.61241573524374
15/4/2015,26.4,16.1,3.52739686506321
16/4/2015,26.3,16.5,3.55019404090779
17/4/2015,27.8,13,3.382182141502
18/4/2015,27.8,15.9,3.62019471424287
19/4/2015,28.5,15.3,3.62595991488395
20/4/2015,28.3,16.6,3.71430812688173
21/4/2015,28.2,16.8,3.7197236608414
22/4/2015,30,17.1,2.82471277501602
23/4/2015,26.5,14.8,3.40824876105794
24/4/2015,28.2,15,3.56189097033505
25/4/2015,27.6,14.8,3.49269403783495
26/4/2015,26.8,16.1,3.53046197741571
27/4/2015,25.2,15.6,3.35424900276821
28/4/2015,25.7,14.7,3.317861903227
29/4/2015,25.9,12.2,3.12553397789142
30/4/2015,25.7,14.4,3.28583709064009
1/5/2015,23.6,13.3,3.02002212922571
2/5/2015,25.2,14.2,3.22063411648737
3/5/2015,26,12.9,3.17566800949859
4/5/2015,25.2,13.5,3.15511592987642
5/5/2015,23.8,16.2,3.25657720151334
6/5/2015,24.6,16.3,3.32506033411576
7/5/2015,26.1,13.3,3.19834074802238
8/5/2015,25.8,16.1,3.3960332122532
9/5/2015,23,15.7,3.13166316966459
10/5/2015,27.7,14.3,3.3930948538677
11/5/2015,19.6,13.5,2.66952186232358
12/5/2015,24.8,11.3,2.90634602395977
13/5/2015,23.5,11.3,2.79659488170253
14/5/2015,22,13.4,2.83948168502461
15/5/2015,22.8,13.4,2.89804362021402
16/5/2015,23.2,12.3,2.83635143026875
17/5/2015,25.3,11,2.8943312073159
18/5/2015,24.7,13.2,3.01554000220498
19/5/2015,25,13.6,3.06458479966753
20/5/2015,24.5,12.7,2.94686152926384
21/5/2015,25.1,12.9,3.00335503073165
22/5/2015,24.3,13,2.9411142312397
23/5/2015,25.2,10.3,2.79244720033881
24/5/2015,26.8,10.5,2.92679614248582
25/5/2015,26.3,10,2.84112718702064
26/5/2015,26.8,10.3,2.89622093183035
27/5/2015,28,10,2.95861446499524
28/5/2015,27.2,10.6,2.93505896257259
29/5/2015,25.2,13.8,3.01983444544183
30/5/2015,26.4,12.8,3.02671379558739
31/5/2015,27,11.6,2.97175266134756
1/6/2015,27.1,11.5,2.9629620824834
2/6/2015,26.8,11.8,2.95401692498033
3/6/2015,30,13.6,2.07517642065872
4/6/2015,24.6,12.6,2.82919704982957
5/6/2015,25.2,11.8,2.80498125579211
6/6/2015,25.3,12.5,2.85628833897462
7/6/2015,25,12.9,2.85433992742324
8/6/2015,24.3,11.6,2.69458335367077
9/6/2015,25.9,9.7,2.6628859811161
10/6/2015,26.6,9.8,2.71321582852791
11/6/2015,26.2,11,2.76300436958049
12/6/2015,26.7,10.8,2.77524411179936
13/6/2015,26.7,11.5,2.81669969201321
15/6/2015,28.9,16.1,3.30577513944679
16/6/2015,26.7,13.1,2.91275688024321
17/6/2015,26.2,13.9,2.92349998464526
18/6/2015,30,17,2.91218058756451
19/6/2015,25.8,10.1,2.59693882046577
20/6/2015,24.6,12.5,2.67308743573347
21/6/2015,20.2,10.5,2.20307254896998
21/3/2016,30.2,14.3,3.71373824032515
22/3/2016,30.6,14.8,3.78944644513556
23/3/2016,30.2,16,3.85678446008856
24/3/2016,28.6,16.4,3.75711307571009
26/3/2016,27.7,18.1,3.82437541251303
27/3/2016,29,16.8,3.82480023700791
28/3/2016,29.5,15.1,3.72495765817725
29/3/2016,29.5,13.5,3.59164243600786
30/3/2016,29.6,13.5,3.60026938143494
31/3/2016,30,15,2.50614942611895
1/4/2016,29.4,14.3,3.65081612841226
2/4/2016,30.2,14.8,3.75957383655403
3/4/2016,30.2,14.7,3.75132511442913
4/4/2016,30.1,14.5,3.72631920839664
5/4/2016,30.1,15,3.76810526418204
6/4/2016,30.1,15,3.76806716708503
7/4/2016,29.2,15,3.6927860233202
8/4/2016,30.8,13.5,3.70100257264709
9/4/2016,30.6,14.7,3.78435157220255
10/4/2016,30.2,13.8,3.67550651311946
11/4/2016,30,13,3.59168007640607
12/4/2016,29.1,17.3,3.87529744099714
13/4/2016,29.3,15.6,3.74959393291198
14/4/2016,29.5,13.8,3.61550814224026
15/4/2016,29.3,13,3.53148867483143
16/4/2016,29.4,14.7,3.68115597550961
17/4/2016,28.5,14.1,3.55529217917518
18/4/2016,29,14.8,3.65469775538729
19/4/2016,28.9,11.9,3.40361520267858
20/4/2016,27.8,15.1,3.57792700238775
21/4/2016,28.7,11.6,3.36018930423243
22/4/2016,28.8,12.7,3.45924715135419
23/4/2016,29.4,12.5,3.4915015835167
24/4/2016,29.5,13,3.54031123397829
25/4/2016,29.9,13,3.57234419118912
26/4/2016,28.9,15.3,3.67917617422334
27/4/2016,23.3,14.7,3.16178735053346
28/4/2016,24,14,3.16039559004677
29/4/2016,28.5,14.8,3.59950002898222
1/5/2016,27.9,17.6,3.78050100064971
2/5/2016,28.5,11.5,3.32176159562643
3/5/2016,28.8,14,3.55229613705189
4/5/2016,30,12,1.99076301359315
5/5/2016,28.6,12.1,3.37389247939047
6/5/2016,27.3,11.8,3.23912158642783
7/5/2016,28.8,13.6,3.51006165276437
9/5/2016,29.2,17,4.83108228529829
10/5/2016,28.8,11.6,3.33948524217761
11/5/2016,29.1,10.5,3.27072005528171
12/5/2016,30,11.7,1.93106588398924
13/5/2016,29.8,12.9,3.52066538040061
14/5/2016,28.8,16.1,3.6986311862922
15/5/2016,28.7,16.5,3.71974082468975
16/5/2016,30,14,2.30193559013505
17/5/2016,27.2,14,3.38356213893446
18/5/2016,26.5,16.9,3.56031954436975
19/5/2016,28.5,14,3.48249566963102
20/5/2016,30,16.5,2.70083279849453
21/5/2016,27.7,14.3,3.43316327138247
22/5/2016,27.4,14.1,3.38792345486353
23/5/2016,27.4,12.7,3.26925449064715
24/5/2016,27.8,17,4.52664231010354
25/5/2016,27.7,11.5,3.18685489235545
26/5/2016,26.5,11.3,3.06845889023467
27/5/2016,27.8,11.3,3.16909065868974
29/5/2016,28.8,16.5,3.66574526061514
30/5/2016,28.9,8.8,3.04570657120981
31/5/2016,29.8,10.8,3.27439841723074
1/6/2016,30,10.6,1.70677384232541
2/6/2016,28.3,10.6,3.12607876144335
3/6/2016,29,10.7,3.18439047727336
4/6/2016,29.6,12,3.33034846963821
6/6/2016,30,13.6,2.17320447614958
7/6/2016,30,12.1,1.9295541382106
8/6/2016,27.8,15,3.40541192861143
9/6/2016,26,13.5,3.13603884940071
10/6/2016,30,12.5,1.98041769439775
11/6/2016,26.8,11.5,3.02706572834269
13/6/2016,26.7,16.3,3.39056064191172
14/6/2016,19.9,12.2,2.52500155298241
15/6/2016,25.4,9.2,2.7149369042898
16/6/2016,30,8.6,1.34620902525496
17/6/2016,26.2,7.2,2.60737949118959
18/6/2016,27.5,6,2.60825222571948
19/6/2016,27.2,6.7,2.6322354188151
20/6/2016,30,8.7,1.34731075258174
21/6/2016,27,10.6,2.90317445699198
21/3/2017,27.2,15.8,3.46041561711915
22/3/2017,28.1,14.7,3.44976895170453
23/3/2017,30,16.9,2.72852621830452
24/3/2017,29,16.8,3.70272279713892
25/3/2017,29.4,15.2,3.61089053179008
26/3/2017,29.8,16,3.7132012956296
27/3/2017,30,15.4,2.50044588324418
28/3/2017,28,15.7,3.55232308194567
29/3/2017,25.4,15.8,3.3533079947283
30/3/2017,25.8,16.2,3.42256765597626
31/3/2017,30,14.4,3.02680812221866
