Data,TMAX,TMIN,TMED,ETP-Pmoith
1/1/2008,33.8,22.2,28,6.8
2/1/2008,29.6,21.5,25.55,3.1
3/1/2008,30.4,21.5,25.95,3.8
4/1/2008,32.4,19.4,25.9,7.7
5/1/2008,31.1,21.4,26.25,6
6/1/2008,26.8,20.6,23.7,1.9
7/1/2008,30.8,19.5,25.15,6.7
8/1/2008,31.4,18.9,25.15,7.8
9/1/2008,32.4,19,25.7,7.8
10/1/2008,33,20.2,26.6,7.6
11/1/2008,32,20.6,26.3,6.7
12/1/2008,31.8,21.6,26.7,9.2
13/1/2008,29.2,21,25.1,3.6
14/1/2008,25.5,20.6,23.05,2.8
15/1/2008,28,19.8,23.9,4.6
16/1/2008,30.4,18.6,24.5,8.2
17/1/2008,30.3,19.7,25,7.1
18/1/2008,30.6,22,26.3,5.1
19/1/2008,29.8,19.7,24.75,4.4
20/1/2008,26.3,19.9,23.1,2.9
21/1/2008,27,20.7,23.85,1.8
22/1/2008,26.4,18.2,22.3,1.5
23/1/2008,28.6,18.4,23.5,3.5
24/1/2008,28.8,20.5,24.65,3.5
25/1/2008,27.4,20.1,23.75,2.5
26/1/2008,26.8,20.6,23.7,3.3
27/1/2008,24.9,19.1,22,1.5
28/1/2008,22.6,18.7,20.65,0.9
29/1/2008,26.4,19.5,22.95,2.9
30/1/2008,28.8,18.4,23.6,1.3
31/1/2008,30.4,20.7,25.55,6.2
1/2/2008,32.3,19.5,25.9,7
2/2/2008,33.4,21.1,27.25,8.5
3/2/2008,27.6,20.3,23.95,2.4
4/2/2008,29.9,21.2,25.55,4
5/2/2008,26.4,19.1,22.75,3.8
6/2/2008,26.4,18.4,22.4,4.8
7/2/2008,29.3,20,24.65,5.6
8/2/2008,30.8,17.3,24.05,5.4
9/2/2008,31.8,20,25.9,6.5
10/2/2008,31.5,20.5,26,8
11/2/2008,32.6,20.4,26.5,6.8
12/2/2008,33,20.4,26.7,8.1
13/2/2008,28.7,19.4,24.05,3.4
14/2/2008,33,18.8,25.9,7
15/2/2008,30.2,18.8,24.5,4.7
16/2/2008,30.4,20.8,25.6,3.8
17/2/2008,32,20,26,7.9
18/2/2008,31.7,19.6,25.65,5.1
19/2/2008,30.2,18.2,24.2,3.7
20/2/2008,30.4,19.9,25.15,7
21/2/2008,27.5,19.8,23.65,4.5
22/2/2008,29.9,20.2,25.05,1.7
23/2/2008,29.8,21,25.4,5.5
24/2/2008,25.5,21.2,23.35,2.9
25/2/2008,29.4,20.5,24.95,4.2
26/2/2008,31.6,18.8,25.2,6.5
27/2/2008,31.9,19.3,25.6,8.5
28/2/2008,32.3,19.5,25.9,8.3
29/2/2008,27.8,20.7,24.25,6.15
1/3/2008,29.6,20.7,25.15,4
2/3/2008,30.8,18.7,24.75,8.1
3/3/2008,31.4,18.7,25.05,7.8
4/3/2008,31.4,18.9,25.15,7.9
5/3/2008,31.8,18.4,25.1,7.4
6/3/2008,32.2,18.2,25.2,6
7/3/2008,31.3,20.4,25.85,4.7
8/3/2008,31.1,20.2,25.65,7.4
9/3/2008,31.6,20.3,25.95,6.4
10/3/2008,31.8,20.2,26,7.1
11/3/2008,28.1,21.8,24.95,0.8
12/3/2008,25.4,20.9,23.15,2.1
13/3/2008,27.8,19.9,23.85,2.8
14/3/2008,22,18.7,20.35,1.5
15/3/2008,23.4,17.5,20.45,3.2
16/3/2008,26.2,16.8,21.5,1.4
17/3/2008,22.6,17,19.8,1.1
18/3/2008,29.5,17,23.25,3.9
19/3/2008,30.8,18.3,24.55,6.6
20/3/2008,31,17.9,24.45,5.5
21/3/2008,30.6,19.3,24.95,4.2
22/3/2008,29.3,19.4,24.35,5.5
23/3/2008,30.7,18.9,24.8,5.3
24/3/2008,31.7,18.6,25.15,5.5
25/3/2008,31.5,19.3,25.4,5.2
26/3/2008,30.8,18.6,24.7,5.2
27/3/2008,30,17.4,23.7,4.5
28/3/2008,31.6,17.9,24.75,6.6
29/3/2008,31.2,18.3,24.75,6.3
30/3/2008,29.5,17.4,23.45,7
31/3/2008,30.6,16,23.3,5
1/4/2008,30.6,16.8,23.7,6
2/4/2008,24.7,19.4,22.05,0.5
3/4/2008,26,19.6,22.8,1.5
4/4/2008,26.8,19.6,23.2,3.3
5/4/2008,29.8,17.6,23.7,5.6
6/4/2008,28.3,18.3,23.3,1.8
7/4/2008,29.4,19.9,24.65,3.4
8/4/2008,29.7,20,24.85,3
9/4/2008,31.6,20.1,25.85,4.9
10/4/2008,31.6,20.2,25.9,5.1
11/4/2008,32.1,18.9,25.5,5
12/4/2008,32.6,19.4,26,8.3
13/4/2008,31.6,18.5,25.05,7.8
14/4/2008,27.5,20.6,24.05,3.2
15/4/2008,26.5,19.4,22.95,3.2
16/4/2008,30.1,17.8,23.95,3.1
17/4/2008,30.7,19.2,24.95,5.1
18/4/2008,29.6,18.4,24,4.3
19/4/2008,25.2,17.8,21.5,1.4
20/4/2008,23.1,18.4,20.75,0.6
21/4/2008,24.6,17.4,21,0.7
22/4/2008,28.5,17.1,22.8,8.7
23/4/2008,29,16.4,22.7,4.4
24/4/2008,28.9,15.8,22.35,5.2
25/4/2008,28.3,15,21.65,4.6
26/4/2008,28.8,14.6,21.7,5
27/4/2008,30.4,14.5,22.45,4.6
28/4/2008,30.5,14.6,22.55,4
29/4/2008,30.5,18.6,24.55,5.9
30/4/2008,25.8,18.8,22.3,4.2
1/5/2008,23.1,16,19.55,2
2/5/2008,22,17.8,19.9,2.3
3/5/2008,19.6,13.8,16.7,2.8
4/5/2008,22.6,12.4,17.5,4.4
5/5/2008,24.3,13.7,19,3.8
6/5/2008,23.3,12.1,17.7,4.9
7/5/2008,25.7,8.9,17.3,3.4
8/5/2008,27.6,10.1,18.85,3.9
9/5/2008,26.4,14.6,20.5,4.8
10/5/2008,26.4,13.4,19.9,4.6
11/5/2008,26.8,13.5,20.15,3.4
12/5/2008,25.1,13.8,19.45,2.4
13/5/2008,24.8,14.3,19.55,2.7
14/5/2008,25.9,16.3,21.1,2.9
15/5/2008,27.5,14.7,21.1,3.1
16/5/2008,27.6,14.7,21.15,4.4
17/5/2008,26.6,16.3,21.45,2.3
18/5/2008,29.6,16.1,22.85,3.8
19/5/2008,28.6,16,22.3,2.9
20/5/2008,29.2,14.2,21.7,4.7
21/5/2008,28.9,13.5,21.2,3.9
22/5/2008,28.9,14,21.45,4.8
23/5/2008,28.5,14.9,21.7,4.7
24/5/2008,27.9,13.8,20.85,5.3
25/5/2008,27.7,13,20.35,4.4
26/5/2008,27.6,12.9,20.25,5.7
27/5/2008,27.9,12.2,20.05,3.5
28/5/2008,29.4,13.9,21.65,4.4
29/5/2008,25.6,15.7,20.65,1.9
30/5/2008,21.8,18,19.9,1.4
31/5/2008,22.8,14.4,18.6,4.6
1/6/2008,17.8,13.5,15.65,0.2
2/6/2008,25.5,14,19.75,2.9
3/6/2008,26.9,12.4,19.65,3.9
4/6/2008,23.9,15.6,19.75,1.1
5/6/2008,29.2,13.8,21.5,3
6/6/2008,28.5,16.2,22.35,3.4
7/6/2008,28.6,17.1,22.85,4.5
8/6/2008,28.8,15.3,22.05,4.4
9/6/2008,27.9,15.8,21.85,5
10/6/2008,27.6,15.8,21.7,4.4
11/6/2008,29.5,14.8,22.15,4.6
12/6/2008,29,15.8,22.4,4.4
13/6/2008,29.4,15.1,22.25,4.9
14/6/2008,28.8,14.6,21.7,6.3
15/6/2008,28.4,14.8,21.6,4.2
16/6/2008,24.3,13.2,18.75,4.7
17/6/2008,26.2,7.2,16.7,3.8
18/6/2008,27.4,10.6,19,2.8
19/6/2008,28.4,13.2,20.8,4.7
20/6/2008,29.3,14.4,21.85,5.7
21/6/2008,28.4,15.3,21.85,3.7
22/6/2008,26.1,17.4,21.75,3.5
23/6/2008,26.4,14.4,20.4,4.7
24/6/2008,24.8,12.9,18.85,2.5
25/6/2008,23.3,13.5,18.4,3.5
26/6/2008,26.1,11.5,18.8,2.7
27/6/2008,26.7,12.6,19.65,5.4
28/6/2008,26.6,12.6,19.6,4
29/6/2008,27.8,12.3,20.05,4.8
30/6/2008,27.6,13.7,20.65,4.8
1/7/2008,28.1,13.9,21,3.9
2/7/2008,28,13.6,20.8,4.3
3/7/2008,27.6,16.2,21.9,4.3
4/7/2008,26.4,11.6,19,5.3
5/7/2008,27.5,11.1,19.3,5.2
6/7/2008,29.2,11.6,20.4,4.9
7/7/2008,27.4,11.8,19.6,4.1
8/7/2008,27.6,11,19.3,5.5
9/7/2008,25.6,11.2,18.4,5.5
10/7/2008,25,9.3,17.15,4.9
11/7/2008,25.7,10.2,17.95,5
12/7/2008,27,9.8,18.4,6
13/7/2008,25.7,10.8,18.25,4.3
14/7/2008,25.8,9.6,17.7,5.5
15/7/2008,26.2,9.8,18,4.3
16/7/2008,26,9.2,17.6,4
17/7/2008,26.5,10.4,18.45,4.2
18/7/2008,28.8,10.2,19.5,4.6
19/7/2008,29.8,12.5,21.15,4.6
20/7/2008,29.8,13.3,21.55,4.6
21/7/2008,30.3,12.5,21.4,5.6
22/7/2008,30.7,13.6,22.15,6.7
23/7/2008,31,13.9,22.45,6.2
24/7/2008,28.6,13.7,21.15,6.4
25/7/2008,29.4,14.2,21.8,4.1
26/7/2008,28.6,14.4,21.5,5.5
27/7/2008,30.6,13.4,22,4.7
28/7/2008,30.2,18.2,24.2,4.8
29/7/2008,29.6,15.4,22.5,5.2
30/7/2008,29.4,13.3,21.35,7
31/7/2008,30.6,13.1,21.85,6.6
1/8/2008,30.7,14.8,22.75,6.2
2/8/2008,29.8,15.4,22.6,5.6
3/8/2008,22.1,16.7,19.4,1.6
4/8/2008,27.6,14.5,21.05,3.4
5/8/2008,24.1,15.8,19.95,2.9
6/8/2008,30.6,16.2,23.4,3.7
7/8/2008,32.1,16.4,24.25,7.3
8/8/2008,24.1,17.5,20.8,4.4
9/8/2008,29.9,15.6,22.75,4.5
10/8/2008,26.6,14.7,20.65,4.4
11/8/2008,32.6,14.1,23.35,3.6
12/8/2008,31.9,17,24.45,8.2
13/8/2008,32.6,16.6,24.6,7.4
14/8/2008,30.6,15.4,23,4.1
15/8/2008,30.9,15.6,23.25,5.8
16/8/2008,30.8,16.6,23.7,8.5
17/8/2008,31.6,15.3,23.45,7.1
18/8/2008,32,14.8,23.4,5.8
19/8/2008,31.3,15.9,23.6,7.4
20/8/2008,31.2,14.4,22.8,5.9
21/8/2008,31.4,14.4,22.9,6.7
22/8/2008,31.5,14.4,22.95,6
23/8/2008,30.9,16.3,23.6,6
24/8/2008,31.4,14.7,23.05,6.6
25/8/2008,32.2,15.4,23.8,5.9
26/8/2008,32.4,16.2,24.3,6.9
27/8/2008,31.9,16.5,24.2,6.8
28/8/2008,33.4,14.1,23.75,8.3
29/8/2008,32.6,16.3,24.45,7.8
30/8/2008,24.6,15.1,19.85,2.6
31/8/2008,27.7,9.6,18.65,5.2
1/9/2008,31.5,10.9,21.2,7.1
2/9/2008,33.2,14.2,23.7,7
3/9/2008,32.6,16.2,24.4,9.5
4/9/2008,35.4,16,25.7,6.4
5/9/2008,35.5,16.8,26.15,10.3
6/9/2008,32.4,18,25.2,7.1
7/9/2008,18,14.3,16.15,1.8
8/9/2008,32.6,15,23.8,5.8
9/9/2008,36.4,16.6,26.5,7.5
10/9/2008,36,18.5,27.25,8.7
11/9/2008,36.3,20.1,28.2,11.4
12/9/2008,36.3,19.8,28.05,11.6
13/9/2008,27.2,19.5,23.35,5.3
14/9/2008,27.8,16.8,22.3,3.1
15/9/2008,30.5,16.4,23.45,7
16/9/2008,30.1,14.8,22.45,7.8
17/9/2008,29.4,12.1,20.75,8.2
18/9/2008,28.5,11.4,19.95,9.2
19/9/2008,30.8,12,21.4,4.8
20/9/2008,29.5,15.4,22.45,4.1
21/9/2008,20.4,14.9,17.65,2.5
22/9/2008,22.7,12.5,17.6,5.1
23/9/2008,26.9,9,17.95,7.7
24/9/2008,28.2,11.6,19.9,7.3
25/9/2008,32.6,12.6,22.6,7.1
26/9/2008,25.6,16.3,20.95,2.7
27/9/2008,29.3,15,22.15,8.4
28/9/2008,29.6,12,20.8,8
29/9/2008,31.4,12.2,21.8,6.7
30/9/2008,29.8,15.2,22.5,5.1
1/10/2008,36,18.3,27.15,9.6
2/10/2008,22.9,18,20.45,1.9
3/10/2008,31.4,15.8,23.6,5
4/10/2008,33,19.6,26.3,7
5/10/2008,28.3,20.1,24.2,4.6
6/10/2008,21.4,18.7,20.05,1.7
7/10/2008,23.5,17.1,20.3,0.8
8/10/2008,28.7,16.5,22.6,9.1
9/10/2008,26.8,14.4,20.6,5.4
10/10/2008,30.9,14.7,22.8,6.5
11/10/2008,30.5,17.1,23.8,6
12/10/2008,32.6,18.4,25.5,8.7
13/10/2008,34.8,19.4,27.1,7.9
14/10/2008,36.3,21,28.65,7.5
15/10/2008,37.5,21,29.25,9.7
16/10/2008,37.9,22.1,30,11.1
17/10/2008,37.5,20,28.75,9.2
18/10/2008,26.7,19,22.85,1
19/10/2008,25.8,19,22.4,2.9
20/10/2008,30.2,18.4,24.3,6.1
21/10/2008,25.1,20,22.55,4.1
22/10/2008,27.8,18.8,23.3,2.7
23/10/2008,33.7,17.5,25.6,8.6
24/10/2008,35.7,19.8,27.75,8.8
25/10/2008,36.8,22.4,29.6,10
26/10/2008,37.2,21.7,29.45,11.3
27/10/2008,35.7,22.1,28.9,8.4
28/10/2008,36.4,21.9,29.15,7.8
29/10/2008,38.4,22.2,30.3,10.8
30/10/2008,30.1,20.2,25.15,5.4
31/10/2008,31.5,20.4,25.95,5.5
1/11/2008,33.6,18.5,26.05,6.6
2/11/2008,31,20.5,25.75,6
3/11/2008,32.7,20.5,26.6,7.7
4/11/2008,34.4,20.4,27.4,9.9
5/11/2008,33.4,19.4,26.4,5.5
6/11/2008,33.4,20.6,27,6
7/11/2008,25.4,19.8,22.6,1.2
8/11/2008,32.4,19.2,25.8,8.1
9/11/2008,34.4,20.5,27.45,9.2
10/11/2008,30.5,19.9,25.2,4.9
11/11/2008,29.6,20,24.8,5.1
12/11/2008,30.2,18.8,24.5,6.7
13/11/2008,30.8,17.7,24.25,5.1
14/11/2008,30.6,19.7,25.15,7.4
15/11/2008,33.3,19.2,26.25,8.7
16/11/2008,35,19.8,27.4,12.6
17/11/2008,36,20.6,28.3,12.1
18/11/2008,31.8,18.3,25.05,11.4
19/11/2008,31.8,17.6,24.7,9.7
20/11/2008,31.6,15.3,23.45,10.6
21/11/2008,32,15.9,23.95,9.8
22/11/2008,31.4,17.4,24.4,8.3
23/11/2008,31.6,18.4,25,7.5
24/11/2008,32.8,17.4,25.1,9.5
25/11/2008,33.1,17.3,25.2,10.1
26/11/2008,31.8,18.8,25.3,8.9
27/11/2008,32.6,17.3,24.95,7.7
28/11/2008,32.4,17.5,24.95,9.2
29/11/2008,31.9,18.5,25.2,6.3
30/11/2008,32.8,18.9,25.85,8.9
1/12/2008,35,18.4,26.7,10
2/12/2008,34.8,20.5,27.65,7.9
3/12/2008,28.6,18.8,23.7,7.7
4/12/2008,30.2,15.1,22.65,7.1
5/12/2008,32.6,16.5,24.55,10.1
6/12/2008,34.2,17.5,25.85,9.2
7/12/2008,34.5,19.5,27,10
8/12/2008,33.1,21,27.05,7.1
9/12/2008,35.7,19.1,27.4,9.3
10/12/2008,34.9,22,28.45,6.6
11/12/2008,29.7,20.4,25.05,4.4
12/12/2008,28.1,20.5,24.3,5
13/12/2008,28.8,16.9,22.85,6
14/12/2008,29.7,17.7,23.7,5
15/12/2008,29.4,19.5,24.45,5.4
16/12/2008,25.6,18.3,21.95,2.6
17/12/2008,30.3,18,24.15,5.1
18/12/2008,32.2,18.2,25.2,7.5
19/12/2008,32.4,18.8,25.6,10.9
20/12/2008,31.1,18.9,25,5.5
21/12/2008,30.5,18.4,24.45,5.6
22/12/2008,30.8,17.7,24.25,4.7
23/12/2008,31.6,19.2,25.4,7.3
24/12/2008,32.3,20.9,26.6,7
25/12/2008,27.7,19.8,23.75,1.4
26/12/2008,27.6,20.4,24,2.8
27/12/2008,23.2,19.2,21.2,1
28/12/2008,30.5,18.1,24.3,4
29/12/2008,32.2,22,27.1,4.7
30/12/2008,32.2,21.5,26.85,6.2
31/12/2008,30,20.8,25.4,4
1/1/2009,29.6,20,24.8,4.3
2/1/2009,29.8,20.4,25.1,2.9
3/1/2009,27.6,20.2,23.9,4.5
4/1/2009,22.8,18.8,20.8,0.3
5/1/2009,27.8,16.8,22.3,6.5
6/1/2009,30.4,16.3,23.35,6.4
7/1/2009,31.4,16.9,24.15,8.1
8/1/2009,33.4,17.6,25.5,7
9/1/2009,34.6,19.8,27.2,7.7
10/1/2009,31.5,20.4,25.95,6.7
11/1/2009,31.5,21,26.25,8.4
12/1/2009,33.8,20.6,27.2,7
13/1/2009,34.4,20.8,27.6,8.9
14/1/2009,34.3,20.3,27.3,10.9
15/1/2009,29.8,19,24.4,4.5
16/1/2009,28.7,21.1,24.9,4.7
17/1/2009,29.7,20.2,24.95,5.5
18/1/2009,29.5,20.4,24.95,2.5
19/1/2009,28.9,20,24.45,4.5
20/1/2009,30.8,22.2,26.5,4.5
21/1/2009,29.9,20.3,25.1,6.8
22/1/2009,29.4,19.8,24.6,7.6
23/1/2009,27.4,17.8,22.6,4.8
24/1/2009,29.5,19.3,24.4,4.5
25/1/2009,26.5,21.2,23.85,1.1
26/1/2009,26.6,20.3,23.45,0.8
27/1/2009,24.1,20.6,22.35,1.8
28/1/2009,27.7,20.5,24.1,6.4
29/1/2009,29.7,20.2,24.95,4.7
30/1/2009,30.4,21,25.7,4.1
31/1/2009,30.6,20.4,25.5,4.4
1/2/2009,32.8,20,26.4,6
2/2/2009,31.3,21.2,26.25,4
3/2/2009,32,19.7,25.85,5.9
4/2/2009,29,20.1,24.55,7.6
5/2/2009,32,18.7,25.35,5.8
6/2/2009,32.6,20.1,26.35,6.6
7/2/2009,32.8,21,26.9,6.6
8/2/2009,31.8,21.5,26.65,4.3
9/2/2009,31.9,21.1,26.5,5.7
10/2/2009,30.9,21.4,26.15,4.8
11/2/2009,31.5,21.8,26.65,6.6
12/2/2009,28.6,20.3,24.45,2.9
13/2/2009,23.5,19.7,21.6,0.9
14/2/2009,28.4,19.5,23.95,2.3
15/2/2009,28.9,21.1,25,4.6
16/2/2009,28.7,21.3,25,3.7
17/2/2009,31.7,20.1,25.9,6.3
18/2/2009,32.6,19.2,25.9,7.7
19/2/2009,33.3,21,27.15,6.5
20/2/2009,32.9,19.9,26.4,6.7
21/2/2009,33.6,21.1,27.35,8.3
22/2/2009,34.5,21.4,27.95,5.5
23/2/2009,31.8,21.2,26.5,7.8
24/2/2009,31.6,21.4,26.5,7.4
25/2/2009,30,20.6,25.3,4.8
26/2/2009,30.6,20.5,25.55,4.9
27/2/2009,31,20.5,25.75,2.7
28/2/2009,33.6,20.5,27.05,6.1
1/3/2009,33.5,22.6,28.05,7.5
2/3/2009,33.2,19.2,26.2,6.8
3/3/2009,34.4,20.6,27.5,5
4/3/2009,35,21.5,28.25,7.3
5/3/2009,34.6,22.4,28.5,5.6
6/3/2009,35.5,21.7,28.6,6.8
7/3/2009,34.8,20.8,27.8,9.1
8/3/2009,33.4,20.6,27,6.7
9/3/2009,32.6,20.5,26.55,6.6
10/3/2009,30.9,19.5,25.2,4.5
11/3/2009,29.9,20.1,25,3.5
12/3/2009,31.5,20.7,26.1,5.3
13/3/2009,27.3,21.5,24.4,4.2
14/3/2009,29,19,24,3.6
15/3/2009,29.5,19.7,24.6,2.9
16/3/2009,30.4,18.7,24.55,5.6
17/3/2009,28.2,19.5,23.85,3.7
18/3/2009,30.5,19.9,25.2,6.3
19/3/2009,31.3,19.8,25.55,5.2
20/3/2009,29.2,20.4,24.8,3.2
21/3/2009,29.4,20.7,25.05,4.1
22/3/2009,29.9,20.1,25,4
23/3/2009,30.6,20.4,25.5,4
24/3/2009,31,20,25.5,4.8
25/3/2009,31.8,18.4,25.1,5.8
26/3/2009,29.7,18.2,23.95,4.1
27/3/2009,29.8,19.8,24.8,2.1
28/3/2009,29.7,21.1,25.4,2.1
29/3/2009,29.6,18.4,24,3.2
30/3/2009,25.4,20.6,23,0.4
31/3/2009,29.8,19.8,24.8,4.4
1/4/2009,30.6,18.3,24.45,6.3
2/4/2009,30.6,17.9,24.25,4.5
3/4/2009,30.2,19,24.6,4.6
4/4/2009,28.6,19.6,24.1,2.8
5/4/2009,31.6,20.4,26,4.6
6/4/2009,30.4,21.1,25.75,4.1
7/4/2009,29.5,20.1,24.8,2.7
8/4/2009,30.3,19.4,24.85,6
9/4/2009,30.6,17.5,24.05,4.4
10/4/2009,30.5,17.9,24.2,5.3
11/4/2009,31.8,17.4,24.6,4.7
12/4/2009,29.7,20.4,25.05,4.8
13/4/2009,28.2,20.3,24.25,4.1
14/4/2009,25.1,18.7,21.9,1.5
15/4/2009,27.7,17.4,22.55,4.5
16/4/2009,28.4,15.5,21.95,4.2
17/4/2009,29.5,14.9,22.2,5.6
18/4/2009,29.8,14.4,22.1,5.1
19/4/2009,29.9,14.1,22,4.8
20/4/2009,29.9,14.9,22.4,4.9
21/4/2009,29.4,16.3,22.85,3.7
22/4/2009,29.8,15.2,22.5,5.1
23/4/2009,29.8,16.3,23.05,5
24/4/2009,29.6,16.1,22.85,5.4
25/4/2009,27.7,14.9,21.3,3.3
26/4/2009,28.5,14.8,21.65,4.9
27/4/2009,27.7,15,21.35,5.5
28/4/2009,28.8,15.3,22.05,3.7
29/4/2009,29.8,15.5,22.65,4.9
30/4/2009,29.5,17,23.25,5.5
1/5/2009,28.1,15.4,21.75,4.3
2/5/2009,25.6,14.8,20.2,4.5
3/5/2009,28.4,14.8,21.6,4.2
4/5/2009,27.5,16,21.75,4.3
5/5/2009,27,13.6,20.3,3.7
6/5/2009,28.6,15,21.8,4.4
7/5/2009,28.8,15.2,22,3
8/5/2009,30.1,16,23.05,3.7
9/5/2009,30.6,16.2,23.4,3.9
10/5/2009,31,17.2,24.1,5.9
11/5/2009,31.6,15.8,23.7,6.3
12/5/2009,30.5,16.6,23.55,4.1
13/5/2009,30,17,23.5,5.6
14/5/2009,30.3,15.7,23,5.7
15/5/2009,22.8,17.6,20.2,1.4
16/5/2009,23.6,12.1,17.85,2.6
17/5/2009,27.5,11.2,19.35,2.3
18/5/2009,28.8,14.6,21.7,1.9
19/5/2009,27.9,15.2,21.55,5.2
20/5/2009,26.9,13.8,20.35,4
21/5/2009,26.4,14.2,20.3,3.9
22/5/2009,26.6,12.7,19.65,3.5
23/5/2009,27.6,13,20.3,4.2
24/5/2009,29.4,13.9,21.65,4.3
25/5/2009,29.5,15.6,22.55,4.7
26/5/2009,30.2,17,23.6,5.1
27/5/2009,28.6,18.7,23.65,2.4
28/5/2009,31,18.2,24.6,3.9
29/5/2009,28.8,18.3,23.55,4.5
30/5/2009,28.6,16,22.3,3.8
31/5/2009,27.7,18.8,23.25,3.9
1/6/2009,20.4,10.7,15.55,3.5
2/6/2009,18.6,7,12.8,1.8
3/6/2009,19.5,5.4,12.45,3.3
4/6/2009,25.2,5.2,15.2,2.9
5/6/2009,28.4,11.2,19.8,5.9
6/6/2009,28.5,13.6,21.05,2.8
7/6/2009,24.8,14.6,19.7,3.7
8/6/2009,24.7,12,18.35,3.5
9/6/2009,25.2,14.9,20.05,2.9
10/6/2009,26,15.2,20.6,3.5
11/6/2009,20.7,16.4,18.55,2.4
12/6/2009,20.5,16.2,18.35,1
13/6/2009,22.7,11.3,17,3.1
14/6/2009,23.4,8.1,15.75,2.3
15/6/2009,27.6,9,18.3,3.1
16/6/2009,23.9,13.7,18.8,2.6
17/6/2009,23.3,16.1,19.7,2.4
18/6/2009,24.4,10.4,17.4,2.9
19/6/2009,26.3,9.4,17.85,2.9
20/6/2009,28.8,10.6,19.7,2.3
21/6/2009,28.6,11.4,20,3.7
22/6/2009,27.8,11.1,19.45,4.2
23/6/2009,26.7,10.2,18.45,3.5
24/6/2009,24.1,13,18.55,1.1
25/6/2009,22.4,15.9,19.15,1
26/6/2009,25.4,15.4,20.4,2.6
27/6/2009,27.7,15.6,21.65,3
28/6/2009,25.4,13.6,19.5,3.5
29/6/2009,29.2,13.3,21.25,3.6
30/6/2009,28.3,14.8,21.55,4.1
1/7/2009,28.3,16.2,22.25,5.1
2/7/2009,26.8,15.2,21,2.9
3/7/2009,27.5,14.7,21.1,0.9
4/7/2009,27.3,13.4,20.35,3.7
5/7/2009,27.2,13.4,20.3,3.9
6/7/2009,27.4,14.8,21.1,3.5
7/7/2009,27.4,13.5,20.45,2.8
8/7/2009,26.6,15,20.8,4.1
9/7/2009,28.3,14.7,21.5,5
10/7/2009,28.5,14.8,21.65,4.3
11/7/2009,25.2,18.3,21.75,2.7
12/7/2009,19.3,8.9,14.1,3.4
13/7/2009,26.2,6.2,16.2,3.5
14/7/2009,27.5,10.4,18.95,4.8
15/7/2009,28.7,13.2,20.95,2.7
16/7/2009,27.6,14.3,20.95,3.3
17/7/2009,28.7,14,21.35,4.6
18/7/2009,29.6,13.8,21.7,3.2
19/7/2009,27.9,16.7,22.3,5.1
20/7/2009,24.9,11.8,18.35,3.5
21/7/2009,29.3,11.4,20.35,4.3
22/7/2009,30.6,16.1,23.35,6.9
23/7/2009,30,15.7,22.85,4.3
24/7/2009,21.2,16.6,18.9,0.5
25/7/2009,22.7,15.1,18.9,0.1
26/7/2009,28.8,15.7,22.25,3.4
27/7/2009,29.2,17.2,23.2,2.9
28/7/2009,30.7,17.4,24.05,4.9
29/7/2009,30.7,16.7,23.7,3.8
30/7/2009,29.9,17.4,23.65,4.7
31/7/2009,31.4,15.2,23.3,4.2
1/8/2009,30.2,15.6,22.9,6.2
2/8/2009,30.9,16.8,23.85,5.1
3/8/2009,29,16.6,22.8,3.9
4/8/2009,31,15.2,23.1,4.3
5/8/2009,31,17.9,24.45,4.9
6/8/2009,31.6,17.4,24.5,7
7/8/2009,32.7,16.2,24.45,6.4
8/8/2009,31.7,16.3,24,5.1
9/8/2009,30.4,15.6,23,8.3
10/8/2009,24.2,13.7,18.95,5.3
11/8/2009,25,8.9,16.95,4.7
12/8/2009,31.1,11.2,21.15,4.1
13/8/2009,29.7,14.3,22,5.9
14/8/2009,28.8,12.6,20.7,7.7
15/8/2009,29.3,12,20.65,6.1
16/8/2009,30.6,15.2,22.9,6.7
17/8/2009,31.7,15.5,23.6,7.1
18/8/2009,30.6,16.8,23.7,8.6
19/8/2009,20.9,16.1,18.5,0.3
20/8/2009,20.4,15.6,18,0.2
21/8/2009,23.3,15,19.15,3.4
22/8/2009,23.2,9.9,16.55,3.6
23/8/2009,17,12.9,14.95,1.9
24/8/2009,24.2,14.5,19.35,2
25/8/2009,24.4,16.9,20.65,3.5
26/8/2009,26.6,14.8,20.7,4.1
27/8/2009,27.9,13,20.45,4.9
28/8/2009,29.3,13.8,21.55,6.8
29/8/2009,30.3,14.1,22.2,5.3
30/8/2009,31,14.8,22.9,7.9
31/8/2009,31.1,14.1,22.6,6
1/9/2009,32.4,15.9,24.15,4.7
2/9/2009,33.6,17.1,25.35,6.1
3/9/2009,33.6,20.1,26.85,7.2
4/9/2009,25.4,19.4,22.4,2.1
5/9/2009,27.2,18.5,22.85,3.2
6/9/2009,23.8,17.6,20.7,3.3
7/9/2009,31.8,15.5,23.65,6.3
8/9/2009,32.6,20.4,26.5,6.1
9/9/2009,22.2,19.1,20.65,2.9
10/9/2009,28.4,18.4,23.4,2.5
11/9/2009,30.1,17.3,23.7,7.2
12/9/2009,30.7,17.4,24.05,6.3
13/9/2009,32.5,17.5,25,5
14/9/2009,32.4,17.9,25.15,8.5
15/9/2009,32.8,16.9,24.85,5.4
16/9/2009,32.4,18,25.2,6.8
17/9/2009,33,13.8,23.4,6.7
18/9/2009,34.3,16.2,25.25,6.5
19/9/2009,23.6,19.1,21.35,1.8
20/9/2009,28.7,17.6,23.15,2.5
21/9/2009,31.2,19,25.1,4.9
22/9/2009,24.1,18.7,21.4,0.9
23/9/2009,24.8,19.6,22.2,1.8
24/9/2009,25.8,19.2,22.5,4.1
25/9/2009,27.7,13.2,20.45,5.6
26/9/2009,32.6,14.9,23.75,5.1
27/9/2009,32.8,19.2,26,9.6
28/9/2009,33.5,18.6,26.05,6.1
29/9/2009,28.4,20.5,24.45,6.4
30/9/2009,28.4,16.9,22.65,9.2
1/10/2009,32,14.3,23.15,3.9
2/10/2009,33.7,18.7,26.2,7.3
3/10/2009,30.6,21.2,25.9,5.3
4/10/2009,31.7,17.6,24.65,6.6
5/10/2009,33.2,19.3,26.25,11.5
6/10/2009,30.6,19.8,25.2,5.8
7/10/2009,30,19.6,24.8,3.8
8/10/2009,26,17.7,21.85,5
9/10/2009,27.6,13.9,20.75,6.1
10/10/2009,30.9,13.8,22.35,5.4
11/10/2009,33.3,15.5,24.4,8.7
12/10/2009,30.5,18.8,24.65,3.7
13/10/2009,28.8,17.4,23.1,3.4
14/10/2009,33.4,17.6,25.5,9
15/10/2009,27.6,19,23.3,3.5
16/10/2009,31.4,16.6,24,6.2
17/10/2009,33.2,18.4,25.8,7.1
18/10/2009,31.3,19.3,25.3,4.2
19/10/2009,29.6,18.2,23.9,6.4
20/10/2009,29.6,17,23.3,5
21/10/2009,33.6,19.4,26.5,7.1
22/10/2009,28,19,23.5,3.2
23/10/2009,31.6,19.6,25.6,6.9
24/10/2009,33.2,18,25.6,7.3
25/10/2009,32.5,20.3,26.4,6.2
26/10/2009,28,20.4,24.2,3.4
27/10/2009,28.2,18.7,23.45,6.4
28/10/2009,30.4,18.3,24.35,6.8
29/10/2009,31.7,18.7,25.2,7.7
30/10/2009,30.7,17.7,24.2,7.3
31/10/2009,32.3,18.4,25.35,7.9
1/11/2009,33.6,18.5,26.05,7.8
2/11/2009,34.8,20.1,27.45,8.2
3/11/2009,35.3,21.4,28.35,9.6
4/11/2009,33.6,19.9,26.75,10.4
5/11/2009,30.6,21.2,25.9,5.5
6/11/2009,30,21,25.5,3.1
7/11/2009,28.6,20.6,24.6,8
8/11/2009,29.3,20.2,24.75,4.5
9/11/2009,28.6,20.9,24.75,2.8
10/11/2009,32.8,21.3,27.05,7
11/11/2009,31.5,21.5,26.5,7.2
12/11/2009,33.4,21,27.2,7.6
13/11/2009,34.3,20.9,27.6,9.8
14/11/2009,33.6,22.4,28,6.1
15/11/2009,33.4,23.4,28.4,7.1
16/11/2009,33.9,20.6,27.25,7.8
17/11/2009,33.1,20,26.55,5.5
18/11/2009,34.6,20.6,27.6,9
19/11/2009,34.1,22.5,28.3,6.6
20/11/2009,33.8,22.1,27.95,7.1
21/11/2009,33.1,21.6,27.35,6.9
22/11/2009,33.4,20.4,26.9,6.8
23/11/2009,31.5,21.2,26.35,4.3
24/11/2009,28.3,20.9,24.6,1.8
25/11/2009,33.3,19.4,26.35,7
26/11/2009,32,21.3,26.65,5.6
27/11/2009,32.2,21.4,26.8,7.3
28/11/2009,31,21.2,26.1,5.5
29/11/2009,26.3,21.2,23.75,2.8
30/11/2009,30.3,20.7,25.5,5.2
1/12/2009,30.5,20.3,25.4,3.9
2/12/2009,29.5,22,25.75,3.9
3/12/2009,30.6,21.3,25.95,5.7
4/12/2009,26.8,21.2,24,3.5
5/12/2009,27.3,18.7,23,5
6/12/2009,30.5,19,24.75,5.6
7/12/2009,23.6,20.1,21.85,1.7
8/12/2009,27.5,21.4,24.45,3.8
9/12/2009,30.4,21.4,25.9,4.8
10/12/2009,29.3,20.1,24.7,6.2
11/12/2009,32.6,21.5,27.05,5.3
12/12/2009,30.5,20.1,25.3,7.5
13/12/2009,24.1,20.7,22.4,0.7
14/12/2009,26.7,20.1,23.4,1.7
15/12/2009,32.4,19.7,26.05,7.2
16/12/2009,30.8,20.9,25.85,7.5
17/12/2009,31.2,20.9,26.05,7.1
18/12/2009,30.7,18,24.35,7.7
19/12/2009,32.7,19.7,26.2,6.8
20/12/2009,33,20.2,26.6,6.9
21/12/2009,32.7,21,26.85,10.7
22/12/2009,32.6,19.4,26,8.4
23/12/2009,32.7,20.2,26.45,8.3
24/12/2009,32.4,20.3,26.35,9.9
25/12/2009,29.1,20.4,24.75,4
26/12/2009,31.4,21.3,26.35,5.7
27/12/2009,28,21.6,24.8,4.8
28/12/2009,28.8,21.9,25.35,4.8
29/12/2009,24.7,21.4,23.05,2.1
30/12/2009,28.8,20.2,24.5,1.9
31/12/2009,31.6,20.7,26.15,5.7
1/1/2010,30.2,20.8,25.5,3.5
2/1/2010,31.2,22.2,26.7,6.6
3/1/2010,33.6,21.1,27.35,8.2
4/1/2010,34.5,21,27.75,8
5/1/2010,34,21.7,27.85,8.9
6/1/2010,32.5,21.4,26.95,2.6
7/1/2010,32.5,21.2,26.85,6.1
8/1/2010,29.2,21.6,25.4,2.3
9/1/2010,31.6,20.7,26.15,6.9
10/1/2010,31.8,20.7,26.25,6.9
11/1/2010,30.8,21.7,26.25,4.7
12/1/2010,32.3,20.4,26.35,6.4
13/1/2010,31.3,20.3,25.8,6.1
14/1/2010,30,20.7,25.35,4.7
15/1/2010,29.7,20.5,25.1,4
16/1/2010,31.6,20.6,26.1,4.7
17/1/2010,30.5,20.4,25.45,3.1
18/1/2010,31.8,21.3,26.55,8.2
19/1/2010,31.8,21.3,26.55,4.3
20/1/2010,32.4,20.6,26.5,7.8
21/1/2010,29,20.6,24.8,4.7
22/1/2010,26.5,20.2,23.35,2.2
23/1/2010,25.6,20.9,23.25,2.8
24/1/2010,30.1,19.5,24.8,5
25/1/2010,28.3,19.6,23.95,4.3
26/1/2010,31,20,25.5,7.3
27/1/2010,27.5,19.8,23.65,5.7
28/1/2010,29.4,21.6,25.5,3
29/1/2010,23.7,20.5,22.1,0.2
30/1/2010,27.6,20.4,24,2.8
31/1/2010,31.5,20.9,26.2,4.5
1/2/2010,33.8,18.9,26.35,7.3
2/2/2010,34.8,19.8,27.3,7.3
3/2/2010,34.4,21.2,27.8,10.2
4/2/2010,34.1,21.5,27.8,6.4
5/2/2010,32.9,21.6,27.25,7.9
6/2/2010,33.3,20,26.65,9.1
7/2/2010,33.4,19.8,26.6,7.2
8/2/2010,31.2,19.4,25.3,6.5
9/2/2010,31.2,20,25.6,8.3
10/2/2010,30.5,21,25.75,4.5
11/2/2010,30,20.9,25.45,4
12/2/2010,32.4,21,26.7,5
13/2/2010,33.3,19,26.15,7.1
14/2/2010,33.9,20,26.95,7.8
15/2/2010,34.1,21.4,27.75,5.5
16/2/2010,33,22.1,27.55,5.2
17/2/2010,32.4,21.4,26.9,6
18/2/2010,28,20.3,24.15,2.8
19/2/2010,29.3,20.3,24.8,4.8
20/2/2010,31.8,20.2,26,8.1
21/2/2010,34,18.4,26.2,7
22/2/2010,33.7,20.7,27.2,7.7
23/2/2010,34.4,20.9,27.65,6.8
24/2/2010,32.6,21.7,27.15,8.1
25/2/2010,31.3,20.6,25.95,7.3
26/2/2010,29.6,18.8,24.2,4.9
27/2/2010,30.6,19,24.8,3.3
28/2/2010,28,21.4,24.7,2.7
1/3/2010,27.6,20.5,24.05,3.8
2/3/2010,28,19.5,23.75,3.7
3/3/2010,29.3,20.5,24.9,2.7
4/3/2010,31.6,19.8,25.7,5.2
5/3/2010,33.1,20.6,26.85,4.3
6/3/2010,30.8,19.5,25.15,6.4
7/3/2010,30.6,17.5,24.05,6.6
8/3/2010,31,18,24.5,7.4
9/3/2010,32.6,18.1,25.35,7.4
10/3/2010,32.5,19.6,26.05,8.4
11/3/2010,32.9,18.9,25.9,7.4
12/3/2010,33.4,18.7,26.05,6.2
13/3/2010,33,19.1,26.05,6.7
14/3/2010,33.4,21.8,27.6,7.3
15/3/2010,29.8,21,25.4,2.1
16/3/2010,28.6,22,25.3,5.4
17/3/2010,30.6,18.4,24.5,5.6
18/3/2010,33,19.4,26.2,5.8
19/3/2010,33.7,19.5,26.6,8.3
20/3/2010,33.2,20.4,26.8,5.2
21/3/2010,31.7,21,26.35,4.2
22/3/2010,32.2,20.6,26.4,4.8
23/3/2010,31.9,20.2,26.05,4.4
24/3/2010,32.2,20.9,26.55,6.9
25/3/2010,32,20.6,26.3,6.3
26/3/2010,31.8,20.6,26.2,4.9
27/3/2010,31,20.4,25.7,5.5
28/3/2010,31.5,20.8,26.15,6
29/3/2010,30.6,20.6,25.6,6.3
30/3/2010,30.8,21,25.9,4.3
31/3/2010,29.1,20.6,24.85,3.4
1/4/2010,29.8,20.2,25,3.7
2/4/2010,26.7,20.4,23.55,2.7
3/4/2010,27.8,21,24.4,3.7
4/4/2010,28.8,20.7,24.75,4.4
5/4/2010,26.2,21.5,23.85,3.3
6/4/2010,20.4,15.5,17.95,2.2
7/4/2010,23.6,11.7,17.65,4.9
8/4/2010,23.9,12.1,18,5.5
9/4/2010,25.6,11.9,18.75,4.9
10/4/2010,26.8,13.3,20.05,4.6
11/4/2010,27.6,14.1,20.85,4.9
12/4/2010,27.7,14.3,21,5
13/4/2010,27.7,14.4,21.05,5.4
14/4/2010,28.9,15.2,22.05,4
15/4/2010,29.7,15.5,22.6,5
16/4/2010,31.4,16.4,23.9,2.4
17/4/2010,31.8,16.4,24.1,5.4
18/4/2010,31.2,17,24.1,5.1
19/4/2010,31.9,17.4,24.65,5.5
20/4/2010,32.2,18,25.1,5.6
21/4/2010,32.2,17.5,24.85,5.5
22/4/2010,32.2,18.2,25.2,6
23/4/2010,32.6,18.8,25.7,6.3
24/4/2010,32.2,19.7,25.95,4.1
25/4/2010,32.6,20.6,26.6,6
26/4/2010,31.8,18.4,25.1,6.9
27/4/2010,32.1,18.9,25.5,5
28/4/2010,31.9,18.8,25.35,4.2
29/4/2010,30.8,17.9,24.35,5.3
30/4/2010,29.1,16.7,22.9,5.4
1/5/2010,27.2,15.7,21.45,5.1
2/5/2010,27.9,11,19.45,6.4
3/5/2010,30.1,15,22.55,4.2
4/5/2010,30.4,17.4,23.9,5
5/5/2010,30.4,17.7,24.05,4.9
6/5/2010,31.8,17.9,24.85,5.6
7/5/2010,30.5,18.9,24.7,4
8/5/2010,28.8,19.5,24.15,3.3
9/5/2010,22.6,17,19.8,2.5
10/5/2010,24.3,12.4,18.35,4.2
11/5/2010,25.5,11.1,18.3,5.1
12/5/2010,21.6,10.6,16.1,4.1
13/5/2010,24.2,7.1,15.65,3
14/5/2010,25.8,10.3,18.05,3.5
15/5/2010,29.7,12,20.85,4.7
16/5/2010,30.9,12.2,21.55,3.9
17/5/2010,29,15,22,4.6
18/5/2010,27.6,15.8,21.7,4
19/5/2010,21,13.7,17.35,1
20/5/2010,22,9.7,15.85,3
21/5/2010,23.6,9.5,16.55,3.8
22/5/2010,26,12.4,19.2,3
23/5/2010,28.4,14.1,21.25,3.5
24/5/2010,28.6,14.4,21.5,3
25/5/2010,28.5,18.4,23.45,2.4
26/5/2010,29,16.2,22.6,4.9
27/5/2010,27,14,20.5,4.5
28/5/2010,26.3,13.5,19.9,4.3
29/5/2010,28.1,14.5,21.3,4.6
30/5/2010,29.3,14.8,22.05,6
31/5/2010,23.6,15.3,19.45,2.7
1/6/2010,24.3,11.4,17.85,4.1
2/6/2010,24.8,11.7,18.25,2.1
3/6/2010,26.6,12.8,19.7,4.3
4/6/2010,27.9,13.3,20.6,4
5/6/2010,22.6,15.6,19.1,3.2
6/6/2010,22.6,8.5,15.55,3.5
7/6/2010,25.2,7.6,16.4,2.6
8/6/2010,27.7,9.7,18.7,3.3
9/6/2010,27.7,11.3,19.5,3.8
10/6/2010,27.1,14.6,20.85,2.8
11/6/2010,24.6,14.4,19.5,3.2
12/6/2010,23.9,10.1,17,5
13/6/2010,24.6,9,16.8,3.5
14/6/2010,25.8,9.8,17.8,3.7
15/6/2010,27.5,10.4,18.95,3.8
16/6/2010,27.6,11,19.3,4.1
17/6/2010,29.8,9.8,19.8,4
18/6/2010,29.4,12.1,20.75,5.7
19/6/2010,30.7,12.1,21.4,6.9
20/6/2010,30.5,12.5,21.5,5.4
21/6/2010,31.8,12.4,22.1,5.9
22/6/2010,30.6,13.3,21.95,4.3
23/6/2010,28.8,15,21.9,3.3
24/6/2010,29.9,16.6,23.25,5.3
25/6/2010,29.8,15.4,22.6,4.3
26/6/2010,28.9,14.4,21.65,5.3
27/6/2010,27,10.6,18.8,5
28/6/2010,28.5,11,19.75,3.8
29/6/2010,27.8,11.8,19.8,4.6
30/6/2010,28.8,11.2,20,4.3
1/7/2010,27.6,12,19.8,3.9
2/7/2010,28,9.8,18.9,6
3/7/2010,29.7,11.4,20.55,4
4/7/2010,28.8,11.3,20.05,4.1
5/7/2010,28.4,10.9,19.65,5.4
6/7/2010,29.4,12,20.7,3.5
7/7/2010,27.8,13.3,20.55,5.5
8/7/2010,28.5,11,19.75,4.9
9/7/2010,29.6,13.9,21.75,4.4
10/7/2010,29.9,13.6,21.75,5
11/7/2010,29.7,14.9,22.3,4.7
12/7/2010,30.9,15.4,23.15,4.9
13/7/2010,27.4,17.4,22.4,3.4
14/7/2010,26.3,15.7,21,2.9
15/7/2010,29.6,15.1,22.35,3.1
16/7/2010,27,15.6,21.3,5.6
17/7/2010,28.6,13,20.8,4.5
18/7/2010,28.7,14.2,21.45,5.5
19/7/2010,29.3,14.9,22.1,6.7
20/7/2010,29.8,14.7,22.25,4.8
21/7/2010,30.5,15.2,22.85,7.4
22/7/2010,31.4,15.6,23.5,6.9
23/7/2010,31.7,16.1,23.9,5.3
24/7/2010,30.7,15.1,22.9,9.2
25/7/2010,27.5,13.1,20.3,5
26/7/2010,29.4,11.8,20.6,5.4
27/7/2010,29.2,14,21.6,7.1
28/7/2010,28.3,12.6,20.45,6
29/7/2010,30.7,17.8,24.25,8.4
30/7/2010,28.6,14.3,21.45,7.4
31/7/2010,30.8,14.9,22.85,7.5
1/8/2010,32.6,14.7,23.65,7
2/8/2010,31.6,14.7,23.15,5
3/8/2010,30.9,13.8,22.35,6.5
4/8/2010,30.1,12.6,21.35,7.1
5/8/2010,28.4,11.9,20.15,4.1
6/8/2010,25.6,10,17.8,6.7
7/8/2010,29.3,8.6,18.95,5
8/8/2010,31.4,12.4,21.9,6.4
9/8/2010,31.8,13.7,22.75,8
10/8/2010,30.6,12.4,21.5,6
11/8/2010,29.4,13,21.2,5.4
12/8/2010,30.2,14.9,22.55,10.3
13/8/2010,30,14.1,22.05,9.5
14/8/2010,26.9,14.5,20.7,6.9
15/8/2010,26.8,12.3,19.55,6.8
16/8/2010,26.8,6,16.4,6.9
17/8/2010,26.2,7.2,16.7,6.1
18/8/2010,27.2,8.9,18.05,7.4
19/8/2010,28.4,9.9,19.15,6.3
20/8/2010,29.4,11.2,20.3,5.3
21/8/2010,30.8,11.9,21.35,7.9
22/8/2010,31.8,13.1,22.45,7.5
23/8/2010,32.4,12.7,22.55,8.7
24/8/2010,33,14.4,23.7,8.8
25/8/2010,33.8,14.5,24.15,9.7
26/8/2010,33.4,14.9,24.15,7.8
27/8/2010,34.1,14.8,24.45,8.2
28/8/2010,34.8,15.7,25.25,9.3
29/8/2010,35.6,16.5,26.05,8.4
30/8/2010,34.8,17.9,26.35,8
31/8/2010,32.8,15.2,24,9.1
1/9/2010,32,15.9,23.95,8
2/9/2010,33.2,15.7,24.45,9.2
3/9/2010,34.4,16,25.2,9.7
4/9/2010,34.9,17.2,26.05,9.3
5/9/2010,32.6,20,26.3,8.7
6/9/2010,33.4,15.7,24.55,9.3
7/9/2010,25,15.8,20.4,2.6
8/9/2010,29.4,14.1,21.75,6.4
9/9/2010,31.2,13.2,22.2,7.5
10/9/2010,33.6,13.7,23.65,6.9
11/9/2010,33.2,15.5,24.35,9.6
12/9/2010,33.8,16.6,25.2,11.3
13/9/2010,33.6,14.8,24.2,11.9
14/9/2010,32.8,18,25.4,8.4
15/9/2010,31.6,16.8,24.2,4.5
16/9/2010,36.8,17.4,27.1,7.9
17/9/2010,37.2,19.8,28.5,9.7
18/9/2010,33.8,18.9,26.35,9.2
19/9/2010,33.6,14.5,24.05,9
20/9/2010,34.4,16.5,25.45,7.6
21/9/2010,32.7,17.9,25.3,8.8
22/9/2010,34.7,20.4,27.55,12.5
23/9/2010,36,21.4,28.7,11.6
24/9/2010,30.6,19.3,24.95,3.4
25/9/2010,32.8,17.6,25.2,7.7
26/9/2010,19.5,17.9,18.7,0.3
27/9/2010,21.6,17.2,19.4,2.2
28/9/2010,20.8,17.6,19.2,1.4
29/9/2010,23.1,17.7,20.4,2.1
30/9/2010,25.9,18.9,22.4,2.4
1/10/2010,32.2,19.3,25.75,1.6
2/10/2010,25,19,22,0.3
3/10/2010,26,18.6,22.3,5.1
4/10/2010,31.7,15.9,23.8,4.6
5/10/2010,33.6,19.2,26.4,7.7
6/10/2010,35.5,18.1,26.8,10.8
7/10/2010,27.1,18.7,22.9,1.9
8/10/2010,26.1,17.8,21.95,7
9/10/2010,27.6,13,20.3,10
10/10/2010,26.2,13.4,19.8,4.3
11/10/2010,28.4,12.6,20.5,9
12/10/2010,27.8,11.5,19.65,9.4
13/10/2010,32.5,12.3,22.4,6.1
14/10/2010,35.2,17.3,26.25,8
15/10/2010,29.6,20.1,24.85,6.1
16/10/2010,31.9,19.2,25.55,6.4
17/10/2010,32.8,19.4,26.1,6.9
18/10/2010,28.2,20.4,24.3,3.9
19/10/2010,30.2,15,22.6,8.5
20/10/2010,31.6,13,22.3,9.5
21/10/2010,33.9,15,24.45,10.1
22/10/2010,35.4,17.1,26.25,8.3
23/10/2010,27.1,20,23.55,0.9
24/10/2010,32.2,19.5,25.85,8.7
25/10/2010,32.6,18.6,25.6,8.8
26/10/2010,30.8,17.9,24.35,8.4
27/10/2010,30,15,22.5,7.9
28/10/2010,32.4,15,23.7,8.4
29/10/2010,35.1,16,25.55,11.1
30/10/2010,30.9,18.7,24.8,5.5
31/10/2010,28,18.4,23.2,3.9
1/11/2010,28,21.3,24.65,3
2/11/2010,29.6,19.3,24.45,4.9
3/11/2010,31.6,18.1,24.85,8.5
4/11/2010,33.1,18.1,25.6,8.8
5/11/2010,31.6,19.4,25.5,10.6
6/11/2010,26.8,19.8,23.3,3.8
7/11/2010,30.2,15.4,22.8,8.5
8/11/2010,33,18.2,25.6,8.3
9/11/2010,32.1,21,26.55,7.7
10/11/2010,30.8,19.3,25.05,7.5
11/11/2010,31.2,18.1,24.65,9.1
12/11/2010,30.8,16.1,23.45,8.4
13/11/2010,28.8,17,22.9,5.1
14/11/2010,27.6,16.8,22.2,3.3
15/11/2010,30.6,17.2,23.9,6.7
16/11/2010,27,17.1,22.05,2.2
17/11/2010,29.8,18.1,23.95,6.7
18/11/2010,29.9,16.9,23.4,9.6
19/11/2010,32.8,14.9,23.85,8.3
20/11/2010,34,19.8,26.9,8.7
21/11/2010,33.2,19.3,26.25,8.1
22/11/2010,28.5,19.4,23.95,4.5
23/11/2010,30.1,19.7,24.9,6.2
24/11/2010,32.4,20.1,26.25,6.8
25/11/2010,32.8,21.2,27,9
26/11/2010,32.8,19.7,26.25,7
27/11/2010,34.2,19,26.6,9.6
28/11/2010,35,19.6,27.3,9.8
29/11/2010,32.5,19.6,26.05,9.4
30/11/2010,30,20.5,25.25,3.5
1/12/2010,32.8,20.1,26.45,9.3
2/12/2010,31.4,20,25.7,5.8
3/12/2010,32.1,22.9,27.5,7.4
4/12/2010,34.1,20.8,27.45,7.6
5/12/2010,34.4,21.6,28,8.4
6/12/2010,31.8,20.1,25.95,7.5
7/12/2010,33.2,20.2,26.7,6.8
8/12/2010,33,23.2,28.1,8.7
9/12/2010,32.9,20,26.45,8.1
10/12/2010,34.2,20.2,27.2,8.4
11/12/2010,33.4,22.9,28.15,10.1
12/12/2010,34,22.7,28.35,8.8
13/12/2010,31.4,21.8,26.6,5.9
14/12/2010,26.2,20.2,23.2,2.5
15/12/2010,29,19,24,2.9
16/12/2010,29.8,20.4,25.1,5.5
17/12/2010,30.7,20.1,25.4,7.3
18/12/2010,27.3,19.5,23.4,3.4
19/12/2010,31.6,19.5,25.55,4.4
20/12/2010,32.6,19.4,26,7.9
21/12/2010,33,21,27,9.8
22/12/2010,30.6,20.1,25.35,6.1
23/12/2010,31.1,20.6,25.85,6.1
24/12/2010,29.6,21.6,25.6,4.5
25/12/2010,31,21.3,26.15,3.2
26/12/2010,27.6,21.7,24.65,4.2
27/12/2010,28.9,21.8,25.35,3.8
28/12/2010,31,20.8,25.9,5.6
29/12/2010,31.5,18.4,24.95,8.1
30/12/2010,31.9,17.4,24.65,9.3
31/12/2010,31.6,18.2,24.9,7.2
1/1/2011,31.2,20.6,25.9,5.9
2/1/2011,29.1,21.2,25.15,3.9
3/1/2011,23.4,20.6,22,1.6
4/1/2011,30.6,20.6,25.6,4.7
5/1/2011,31.4,20.1,25.75,6.8
6/1/2011,30.1,20.9,25.5,4.7
7/1/2011,29.7,21.4,25.55,3.2
8/1/2011,28.1,21.4,24.75,4.7
9/1/2011,29.6,20.7,25.15,5.8
10/1/2011,30.5,20.4,25.45,6.7
11/1/2011,26.8,21.2,24,2.2
12/1/2011,28.8,22,25.4,6.7
13/1/2011,28.1,21.6,24.85,4
14/1/2011,30.4,21.2,25.8,3.5
15/1/2011,31.5,20.1,25.8,5.2
16/1/2011,31.8,20.9,26.35,6.7
17/1/2011,30.9,21,25.95,5.2
18/1/2011,27.6,20.8,24.2,2.8
19/1/2011,31,21.1,26.05,6.8
20/1/2011,30.5,20.8,25.65,3.6
21/1/2011,33.3,21,27.15,8.7
22/1/2011,33.8,21.5,27.65,7.3
23/1/2011,32.6,20.4,26.5,8
24/1/2011,34.3,20.9,27.6,7.2
25/1/2011,32.7,22.8,27.75,9
26/1/2011,33.1,20.4,26.75,9.7
27/1/2011,32.8,21.4,27.1,9.2
28/1/2011,34,20.7,27.35,7.8
29/1/2011,34.4,20.8,27.6,9
30/1/2011,33.7,20.2,26.95,7.2
31/1/2011,32.8,21.6,27.2,7
1/2/2011,29.8,19.8,24.8,3.3
2/2/2011,31.8,20.7,26.25,8.4
3/2/2011,31,20.2,25.6,8.9
4/2/2011,31.6,20.4,26,7.6
5/2/2011,32,19.8,25.9,7.8
6/2/2011,33,19.9,26.45,8.7
7/2/2011,32,21.2,26.6,5.4
8/2/2011,32.5,20.6,26.55,9.9
9/2/2011,32,21.3,26.65,7.6
10/2/2011,32.3,20.9,26.6,6.6
11/2/2011,31.6,20.5,26.05,5.9
12/2/2011,33.2,20.8,27,8.3
13/2/2011,31.6,20,25.8,4.7
14/2/2011,31,20.2,25.6,5.2
15/2/2011,29.8,21,25.4,3.4
16/2/2011,31.2,21,26.1,5.8
17/2/2011,29.8,20.4,25.1,5
18/2/2011,29.8,20.4,25.1,5.2
19/2/2011,31.8,19.4,25.6,6.9
20/2/2011,33.9,19.3,26.6,8.3
21/2/2011,34,19.7,26.85,8.9
22/2/2011,33,20.2,26.6,6.5
23/2/2011,33.6,20.7,27.15,7.2
24/2/2011,33.2,20.6,26.9,5.8
25/2/2011,33.4,20.9,27.15,9.1
26/2/2011,30.8,21.3,26.05,6.4
27/2/2011,31.3,21.4,26.35,5.7
28/2/2011,26.8,21.4,24.1,2.2
1/3/2011,27.2,19.8,23.5,2.3
2/3/2011,25.2,21,23.1,2.3
3/3/2011,21.9,19.7,20.8,1
4/3/2011,21.7,18.4,20.05,1.4
5/3/2011,22.6,19.3,20.95,1.4
6/3/2011,24.2,19.6,21.9,0.5
7/3/2011,26.3,19.3,22.8,2.2
8/3/2011,26.9,19.2,23.05,1.2
9/3/2011,29.2,20.2,24.7,4.1
10/3/2011,30,20.6,25.3,6.1
11/3/2011,28.2,20.4,24.3,3.7
12/3/2011,28.4,20.4,24.4,4.5
13/3/2011,30.6,19.4,25,6
14/3/2011,29.6,19.7,24.65,5.1
15/3/2011,29.4,20.6,25,5.4
16/3/2011,30.1,19.6,24.85,6.2
17/3/2011,31.7,19.6,25.65,5.2
18/3/2011,29.7,21.2,25.45,3.4
19/3/2011,29.6,21.3,25.45,5.7
20/3/2011,24.4,19.9,22.15,1.1
21/3/2011,25.1,19.6,22.35,1
22/3/2011,23.5,19.6,21.55,0.4
23/3/2011,26.8,19.7,23.25,3.1
24/3/2011,27.8,19.7,23.75,3.3
25/3/2011,31.7,18.6,25.15,5.3
26/3/2011,32.7,19.9,26.3,5.7
27/3/2011,34.1,21,27.55,8
28/3/2011,31,19.6,25.3,3
29/3/2011,31.6,21.4,26.5,4.7
30/3/2011,30.9,20.2,25.55,4.7
31/3/2011,31.8,19.1,25.45,5.2
1/4/2011,33.2,19.4,26.3,6
2/4/2011,27.6,20.6,24.1,3.3
3/4/2011,26.4,19.4,22.9,1.4
4/4/2011,28.5,19.4,23.95,4.5
5/4/2011,25.4,19.4,22.4,1.7
6/4/2011,30.4,17.9,24.15,4.6
7/4/2011,30.6,16.3,23.45,5.6
8/4/2011,30.6,17.1,23.85,4.8
9/4/2011,28.8,17.6,23.2,3.5
10/4/2011,29.2,15.3,22.25,7.3
11/4/2011,30,17.2,23.6,5.3
12/4/2011,31.5,19.1,25.3,8.2
13/4/2011,25.5,18.6,22.05,1
14/4/2011,32.2,17.4,24.8,3.4
15/4/2011,31.4,20,25.7,5.8
16/4/2011,30.8,18.3,24.55,6.1
17/4/2011,31.6,18.2,24.9,6.2
18/4/2011,30.6,18.9,24.75,4.5
19/4/2011,30.9,18.6,24.75,6
20/4/2011,30.9,18.2,24.55,5.8
21/4/2011,31.6,18,24.8,7.1
22/4/2011,31.4,17.9,24.65,5.4
23/4/2011,31.6,17.8,24.7,4.1
24/4/2011,31.8,18.1,24.95,5.6
25/4/2011,31.4,18.8,25.1,3.4
26/4/2011,25.6,18.1,21.85,6.2
27/4/2011,25.4,17,21.2,2.9
28/4/2011,24.8,16.2,20.5,2.3
29/4/2011,29.2,15.2,22.2,4.9
30/4/2011,29.7,13.8,21.75,5
1/5/2011,29,17,23,3.7
2/5/2011,21.3,16.9,19.1,0.6
3/5/2011,26.1,11.8,18.95,3.9
4/5/2011,29,13.4,21.2,3.7
5/5/2011,31.3,14.8,23.05,4.7
6/5/2011,31.6,16.2,23.9,5.7
7/5/2011,31.5,15.9,23.7,4.5
8/5/2011,30.7,15.6,23.15,5
9/5/2011,29.2,16,22.6,4.1
10/5/2011,29.5,16.4,22.95,4.3
11/5/2011,28.6,16,22.3,4.4
12/5/2011,28.7,16.2,22.45,2.7
13/5/2011,29.6,16.5,23.05,4.2
14/5/2011,29.2,15.1,22.15,3.9
15/5/2011,29.4,14.9,22.15,3.5
16/5/2011,24.6,13.6,19.1,4
17/5/2011,24.7,12,18.35,4.5
18/5/2011,25.3,10,17.65,2.5
19/5/2011,25.8,11.6,18.7,3.9
20/5/2011,27,14.8,20.9,3.3
21/5/2011,27.7,12.7,20.2,2.9
22/5/2011,26.6,12.4,19.5,4
23/5/2011,27.2,11.8,19.5,4.9
24/5/2011,27.3,12.3,19.8,6.1
25/5/2011,29.1,12.5,20.8,4.2
26/5/2011,28.4,13.7,21.05,3.7
27/5/2011,27.9,14.8,21.35,1.2
28/5/2011,25,13.6,19.3,4
29/5/2011,24.5,10.4,17.45,4.6
30/5/2011,26.4,8.8,17.6,2.7
31/5/2011,28.2,10.6,19.4,4
1/6/2011,27.4,13.6,20.5,4
2/6/2011,28.4,12,20.2,3.4
3/6/2011,28.5,15.1,21.8,6.2
4/6/2011,26,13.1,19.55,4.3
5/6/2011,22.6,10.3,16.45,5.5
6/6/2011,27.5,7.6,17.55,1.8
7/6/2011,29.4,14.2,21.8,5.1
8/6/2011,23.2,10,16.6,7
9/6/2011,26.8,12.8,19.8,3.6
10/6/2011,21.6,12.9,17.25,2
11/6/2011,22.9,10.1,16.5,3
12/6/2011,26.3,8.1,17.2,2.3
13/6/2011,27.8,12.2,20,3.9
14/6/2011,25.1,13.2,19.15,4.2
15/6/2011,24.8,9.9,17.35,4.4
16/6/2011,26.1,10.5,18.3,2.9
17/6/2011,27.2,10.6,18.9,4.4
18/6/2011,26.6,10.6,18.6,4
19/6/2011,27.2,11.9,19.55,4.4
20/6/2011,28.5,12.2,20.35,4
21/6/2011,29.8,13.2,21.5,3.2
22/6/2011,29.3,14.7,22,4.6
23/6/2011,28.9,13.8,21.35,2.8
24/6/2011,29.5,13.4,21.45,4.5
25/6/2011,28.9,14.1,21.5,3.9
26/6/2011,27.5,13.8,20.65,5.9
27/6/2011,17.7,9.2,13.45,2.4
28/6/2011,21.8,3.4,12.6,3.1
29/6/2011,28.4,6.4,17.4,3.8
30/6/2011,30.1,12.6,21.35,4.8
1/7/2011,29.8,14.9,22.35,4.8
2/7/2011,29.9,14.8,22.35,4.2
3/7/2011,29.8,15.6,22.7,4.8
4/7/2011,20,14.4,17.2,2.6
5/7/2011,23.6,11.7,17.65,1.8
6/7/2011,26,11.7,18.85,2.5
7/7/2011,24.6,13.9,19.25,4.3
8/7/2011,26.2,9.8,18,4.1
9/7/2011,27.8,6.6,17.2,4
10/7/2011,29.9,11.8,20.85,6
11/7/2011,30.6,14.7,22.65,4.3
12/7/2011,30.6,14.5,22.55,4
13/7/2011,28.4,13.3,20.85,5.2
14/7/2011,28.3,12.6,20.45,5.6
15/7/2011,28.8,11.1,19.95,4.8
16/7/2011,30.7,12.8,21.75,4.2
17/7/2011,31.4,15.4,23.4,7.1
18/7/2011,30.5,16.6,23.55,5.5
19/7/2011,30.8,15.5,23.15,4.8
20/7/2011,31.6,16.6,24.1,6.3
21/7/2011,29.2,15.6,22.4,5.6
22/7/2011,28.9,16,22.45,4.1
23/7/2011,28.3,15.2,21.75,5.9
24/7/2011,27.3,14.8,21.05,7.3
25/7/2011,26.6,11.9,19.25,6.3
26/7/2011,28.2,13.9,21.05,4.7
27/7/2011,28.2,12.8,20.5,3.9
28/7/2011,28.8,12.4,20.6,5.7
29/7/2011,30,14.2,22.1,7.6
30/7/2011,30.7,15.6,23.15,5.9
31/7/2011,30.8,15.3,23.05,7.4
1/8/2011,31.6,16.8,24.2,8.5
2/8/2011,24,17.3,20.65,3.5
3/8/2011,13.8,9.2,11.5,0.9
4/8/2011,18,4.2,11.1,3
5/8/2011,27.2,4.9,16.05,4.4
6/8/2011,32.3,13.6,22.95,5.8
7/8/2011,33.3,17.5,25.4,4
8/8/2011,33.9,18.9,26.4,7.2
9/8/2011,33.2,15.5,24.35,7.2
10/8/2011,28.2,16.1,22.15,7.1
11/8/2011,29.6,12.4,21,4.5
12/8/2011,32,12.4,22.2,5.9
13/8/2011,33.1,13.6,23.35,5.1
14/8/2011,32.6,16.5,24.55,6.7
15/8/2011,32.5,15,23.75,7.9
16/8/2011,30.8,14.9,22.85,8.6
17/8/2011,33.2,14.5,23.85,11.4
18/8/2011,32.6,15.8,24.2,9.8
19/8/2011,33.7,15.4,24.55,14.4
20/8/2011,28,17,22.5,3.7
21/8/2011,20.2,15.1,17.65,2.9
22/8/2011,29.8,11.8,20.8,5.2
23/8/2011,30.6,15.8,23.2,6.2
24/8/2011,32.2,15.4,23.8,5.9
25/8/2011,32.2,17,24.6,6.4
26/8/2011,33.4,18,25.7,5.9
27/8/2011,32.8,17,24.9,8.6
28/8/2011,34.4,17.3,25.85,9.7
29/8/2011,34.9,18.6,26.75,9.9
30/8/2011,35.4,18.2,26.8,10.3
31/8/2011,27.7,17.7,22.7,3.5
1/9/2011,27,8.4,17.7,7.9
2/9/2011,26,8.8,17.4,8.6
3/9/2011,31.2,8.4,19.8,7.1
4/9/2011,33.1,13.6,23.35,9
5/9/2011,34.4,13.9,24.15,9.8
6/9/2011,35.2,15.1,25.15,7.9
7/9/2011,35.2,13.6,24.4,9.4
8/9/2011,35.3,17,26.15,13.1
9/9/2011,32.8,18.8,25.8,8.4
10/9/2011,30.4,17.1,23.75,4.5
11/9/2011,23.9,18.8,21.35,0.8
12/9/2011,31.3,13.2,22.25,7
13/9/2011,34,16.6,25.3,8.1
14/9/2011,32.8,16.2,24.5,7.6
15/9/2011,31.6,15.2,23.4,6.6
16/9/2011,30.8,17.7,24.25,9.2
17/9/2011,30.6,14.5,22.55,7.7
18/9/2011,30.6,14,22.3,8.3
19/9/2011,31.4,14.3,22.85,7.7
20/9/2011,30.4,14.8,22.6,8.1
21/9/2011,33.7,16.7,25.2,9.8
22/9/2011,35.3,16.4,25.85,6.9
23/9/2011,36.6,18.7,27.65,12.5
24/9/2011,28.4,17.5,22.95,8.8
25/9/2011,30.3,13.1,21.7,8.6
26/9/2011,33.2,13.4,23.3,7.3
27/9/2011,34,17.3,25.65,8.3
28/9/2011,34.8,18.4,26.6,9.5
29/9/2011,37,17.5,27.25,8.8
30/9/2011,37.3,19.2,28.25,9.6
1/10/2011,36.2,21.3,28.75,13.5
2/10/2011,28.3,19.5,23.9,6.5
3/10/2011,29.6,17,23.3,7.5
4/10/2011,32.1,15.8,23.95,8.6
5/10/2011,29.6,17.8,23.7,8.2
6/10/2011,32.4,17.5,24.95,6.9
7/10/2011,33.8,18.4,26.1,10.2
8/10/2011,33.7,21.3,27.5,9.3
9/10/2011,32.3,19.4,25.85,9.2
10/10/2011,31.7,19.2,25.45,6.5
11/10/2011,33.4,20.6,27,7.5
12/10/2011,33.3,19.2,26.25,7.8
13/10/2011,28.1,20.6,24.35,4
14/10/2011,24.3,20.2,22.25,0.3
15/10/2011,27.7,21.1,24.4,3.2
16/10/2011,28.2,20.5,24.35,2.8
17/10/2011,26.7,18.4,22.55,7.1
18/10/2011,28.4,15,21.7,9.1
19/10/2011,29.1,13.9,21.5,9.8
20/10/2011,28.8,14.8,21.8,6.7
21/10/2011,28.9,14.4,21.65,8.8
22/10/2011,25.6,17.2,21.4,6
23/10/2011,25,16.6,20.8,4.3
24/10/2011,29.3,16.4,22.85,6.6
25/10/2011,32.2,19,25.6,10
26/10/2011,27,17.6,22.3,3.6
27/10/2011,31.8,18.8,25.3,8.2
28/10/2011,33.8,20,26.9,8.1
29/10/2011,35.3,20.5,27.9,11
30/10/2011,23.8,18.1,20.95,0.8
31/10/2011,24.7,17.5,21.1,7.2
1/11/2011,25.6,12.6,19.1,8.5
2/11/2011,27.7,12.1,19.9,10.6
3/11/2011,30.3,12.7,21.5,6.6
4/11/2011,31.8,14.2,23,7.3
5/11/2011,32.5,17.2,24.85,8.6
6/11/2011,29.3,19.3,24.3,6.5
7/11/2011,25.3,18.1,21.7,1.6
8/11/2011,31.4,16.2,23.8,7.9
9/11/2011,30.9,17.8,24.35,7.9
10/11/2011,32.6,17.3,24.95,9.2
11/11/2011,34.2,20.2,27.2,9.9
12/11/2011,33.1,21.1,27.1,7.3
13/11/2011,26.3,19.5,22.9,3.5
14/11/2011,25.1,19.7,22.4,2.9
15/11/2011,27,18.4,22.7,3
16/11/2011,27.4,16.9,22.15,6.7
17/11/2011,29.6,14.9,22.25,7.3
18/11/2011,29.8,15.3,22.55,8
19/11/2011,31,14.6,22.8,8.5
20/11/2011,30.4,15.8,23.1,7.3
21/11/2011,33.8,18.1,25.95,8.1
22/11/2011,27.1,21,24.05,4.3
23/11/2011,28.5,16.5,22.5,7.7
24/11/2011,31.7,17.5,24.6,8
25/11/2011,32.7,18.4,25.55,8.5
26/11/2011,32.2,20.4,26.3,10.9
27/11/2011,29.7,18,23.85,6.7
28/11/2011,31.6,18,24.8,7.6
29/11/2011,31.4,19.7,25.55,5.3
30/11/2011,31.6,19,25.3,8.3
1/12/2011,30.5,19.3,24.9,6.4
2/12/2011,31.2,19.4,25.3,5.8
3/12/2011,31.4,15.4,23.4,7.6
4/12/2011,32.6,17.2,24.9,7.3
5/12/2011,32.4,18.1,25.25,7.4
6/12/2011,31.2,20.5,25.85,4.9
7/12/2011,29.3,20.4,24.85,4.9
8/12/2011,29.2,20.9,25.05,4.8
9/12/2011,25,21,23,1.3
10/12/2011,26.4,18.5,22.45,3.3
11/12/2011,30.6,17,23.8,7.7
12/12/2011,32.1,16.6,24.35,8.6
13/12/2011,33.2,19,26.1,8.6
14/12/2011,31,20.4,25.7,6.9
15/12/2011,27.4,20.4,23.9,3.3
16/12/2011,30.6,19.8,25.2,9.1
17/12/2011,32.8,18.4,25.6,10
18/12/2011,31.4,20.1,25.75,7
19/12/2011,32.6,18.4,25.5,8.5
20/12/2011,32.8,19.3,26.05,7.3
21/12/2011,33.5,19.2,26.35,8.5
22/12/2011,32.2,17,24.6,8.4
23/12/2011,31.8,18.8,25.3,9.2
24/12/2011,32.6,20.6,26.6,7.2
25/12/2011,33.4,20.1,26.75,8.5
26/12/2011,31.6,20,25.8,8
27/12/2011,29.6,19.6,24.6,3.4
28/12/2011,32.9,19.7,26.3,7.2
29/12/2011,29.6,19,24.3,5.2
30/12/2011,31.3,20,25.65,6
31/12/2011,27,20.8,23.9,4.7
1/1/2012,24.6,20.6,22.6,1.5
2/1/2012,28.2,19.6,23.9,4.5
3/1/2012,28.5,19,23.75,6.4
4/1/2012,31.8,18.6,25.2,7.1
5/1/2012,32.1,19.5,25.8,7.4
6/1/2012,32.2,19.2,25.7,7.5
7/1/2012,30.9,19.3,25.1,7.8
8/1/2012,30.6,17.7,24.15,7.3
9/1/2012,28.9,18.1,23.5,1.3
10/1/2012,25.4,17.4,21.4,7.4
11/1/2012,21.6,18.6,20.1,1.7
12/1/2012,23.8,18.2,21,3
13/1/2012,27.6,18.2,22.9,5.1
14/1/2012,27.7,19.9,23.8,4.6
15/1/2012,30.7,20,25.35,8.1
16/1/2012,27.4,19.1,23.25,1.8
17/1/2012,30.5,19.7,25.1,8
18/1/2012,28.8,19.6,24.2,4
19/1/2012,30.6,18.7,24.65,6
20/1/2012,28.2,20,24.1,5.2
21/1/2012,30.7,19.6,25.15,6.3
22/1/2012,31.3,18.3,24.8,5.1
23/1/2012,30.4,18.6,24.5,5.9
24/1/2012,28,19.9,23.95,4.4
25/1/2012,30.1,20.6,25.35,6
26/1/2012,29.4,20.9,25.15,4.7
27/1/2012,29.7,18.9,24.3,5.6
28/1/2012,25.2,18.8,22,1.4
29/1/2012,30,18.7,24.35,6.8
30/1/2012,30.7,16.2,23.45,8.8
31/1/2012,31.4,16.2,23.8,7.2
1/2/2012,31.8,16.6,24.2,9.2
2/2/2012,30.6,17.8,24.2,8.4
3/2/2012,32.4,19.1,25.75,7.5
4/2/2012,31.4,18,24.7,9.2
5/2/2012,31.9,19,25.45,8.2
6/2/2012,33.9,18.8,26.35,8.3
7/2/2012,35.3,20,27.65,8.7
8/2/2012,34.9,19.8,27.35,7.3
9/2/2012,35.7,20.3,28,8.6
10/2/2012,31.4,21.2,26.3,8.2
11/2/2012,30.5,20.5,25.5,4.1
12/2/2012,29.4,20.4,24.9,4
13/2/2012,28.7,19.7,24.2,6
14/2/2012,30.4,20,25.2,5
15/2/2012,32,18.3,25.15,6.4
16/2/2012,32.4,19.5,25.95,6.9
17/2/2012,32.5,20.3,26.4,6.7
18/2/2012,31.6,20.2,25.9,7.9
19/2/2012,31,20.1,25.55,7.2
20/2/2012,30.3,20.7,25.5,3.2
21/2/2012,30,18.8,24.4,5
22/2/2012,28.6,18.9,23.75,4.9
23/2/2012,30.4,19.4,24.9,4.1
24/2/2012,32,20.5,26.25,9.9
25/2/2012,31.3,20.7,26,6
26/2/2012,31.1,21.6,26.35,6.1
27/2/2012,32.8,20.6,26.7,7.5
28/2/2012,33.6,20,26.8,9.3
29/2/2012,34.3,20.9,27.6,6.6
1/3/2012,32.6,20.8,26.7,3.9
2/3/2012,33.6,18.2,25.9,6
3/3/2012,33.4,20.8,27.1,6.1
4/3/2012,33,18.6,25.8,6.2
5/3/2012,31.8,19.7,25.75,6.9
6/3/2012,32.6,18.8,25.7,7.5
7/3/2012,32.1,19.5,25.8,9.1
8/3/2012,32.7,17.6,25.15,7.6
9/3/2012,35.5,20.6,28.05,7.5
10/3/2012,30.8,19.3,25.05,6.8
11/3/2012,30.4,18.6,24.5,4.4
12/3/2012,32.6,18.2,25.4,6.2
13/3/2012,32.1,19.1,25.6,7.5
14/3/2012,32.3,19,25.65,5.7
15/3/2012,32.2,20.3,26.25,8
16/3/2012,26.6,20.5,23.55,1.1
17/3/2012,28.8,19.7,24.25,5.4
18/3/2012,29.7,17.2,23.45,5.5
19/3/2012,30.9,16.7,23.8,5.9
20/3/2012,31,17.6,24.3,5.6
21/3/2012,31.3,19.4,25.35,7.2
22/3/2012,32.7,19.1,25.9,8.1
23/3/2012,27.2,19.1,23.15,3.9
24/3/2012,29.6,20,24.8,4.7
25/3/2012,32.6,19.1,25.85,6.4
26/3/2012,33.8,19.6,26.7,5.9
27/3/2012,31,21.3,26.15,6
28/3/2012,28.8,19.3,24.05,4.3
29/3/2012,31.5,17.2,24.35,5.6
30/3/2012,31.5,18.4,24.95,4.6
31/3/2012,31.4,17.2,24.3,6.4
1/4/2012,32.6,17.3,24.95,6.1
2/4/2012,32.6,17.1,24.85,5.9
3/4/2012,32.3,17.9,25.1,6.6
4/4/2012,32,17,24.5,7
5/4/2012,33.5,18.7,26.1,7.9
6/4/2012,32.7,20.6,26.65,5.4
7/4/2012,32.6,19,25.8,6.6
8/4/2012,31.1,19.2,25.15,5.7
9/4/2012,29.8,17.7,23.75,5.5
10/4/2012,30,19.5,24.75,5
11/4/2012,31.1,18.9,25,5.4
12/4/2012,31.4,18.8,25.1,6.7
13/4/2012,31.8,20.5,26.15,6
14/4/2012,32.1,20,26.05,7
15/4/2012,31.7,20,25.85,5.3
16/4/2012,31.4,19.7,25.55,7.6
17/4/2012,31.7,17.6,24.65,4.5
18/4/2012,32.6,17.8,25.2,6.5
19/4/2012,32.2,17.6,24.9,6.2
20/4/2012,29.9,19.2,24.55,5.5
21/4/2012,27.6,17.7,22.65,1.9
22/4/2012,26.6,17.6,22.1,3.7
23/4/2012,29,15.7,22.35,4.1
24/4/2012,30.2,15.8,23,5.1
25/4/2012,32,15.7,23.85,5.2
26/4/2012,29.9,19.9,24.9,7.9
27/4/2012,28.4,20,24.2,4.1
28/4/2012,27.6,17.6,22.6,4.9
29/4/2012,21.8,17.3,19.55,0.2
30/4/2012,18.8,13.3,16.05,0.9
1/5/2012,22.3,12.7,17.5,4.2
2/5/2012,23.6,8.8,16.2,4.6
3/5/2012,27.1,12.5,19.8,5.1
4/5/2012,28.4,13.4,20.9,4.3
5/5/2012,28.4,14.8,21.6,3.1
6/5/2012,29.2,14.6,21.9,6.7
7/5/2012,27.5,15.5,21.5,4.7
8/5/2012,27.4,15.3,21.35,4.8
9/5/2012,27.9,12,19.95,4.3
10/5/2012,29.2,14.9,22.05,5
11/5/2012,29.6,15,22.3,6.3
12/5/2012,18.8,16.6,17.7,0.9
13/5/2012,23.3,17,20.15,2.1
14/5/2012,19.4,17.1,18.25,0.9
15/5/2012,20.8,15.8,18.3,1.2
16/5/2012,25.5,13.8,19.65,3.6
17/5/2012,24.3,13.4,18.85,6
18/5/2012,24.7,12,18.35,4.9
19/5/2012,24.9,11,17.95,3.4
20/5/2012,26.6,12.5,19.55,3.2
21/5/2012,26.7,12.4,19.55,5.5
22/5/2012,26,12.4,19.2,3.9
23/5/2012,26.6,12.6,19.6,1.8
24/5/2012,26.3,15.6,20.95,2.8
25/5/2012,25.9,17,21.45,3.3
26/5/2012,26.8,16.6,21.7,2
27/5/2012,29.8,16,22.9,4.9
28/5/2012,26.3,16.1,21.2,1
29/5/2012,30.3,15.2,22.75,4.4
30/5/2012,29.8,16.2,23,4
31/5/2012,29.6,16.5,23.05,2.7
1/6/2012,25.8,16.5,21.15,1.8
2/6/2012,28.5,13.9,21.2,3.3
3/6/2012,29.8,14.8,22.3,4.6
4/6/2012,30.2,15.2,22.7,6.7
5/6/2012,23.8,18.4,21.1,1.6
6/6/2012,21.6,17.7,19.65,2.6
7/6/2012,21.4,16.7,19.05,0.2
8/6/2012,19.7,15.6,17.65,1.9
9/6/2012,22.8,14.8,18.8,2.4
10/6/2012,25.7,13.7,19.7,2.3
11/6/2012,28.9,16.8,22.85,3.6
12/6/2012,29.8,16,22.9,3.8
13/6/2012,29.3,16.5,22.9,4.1
14/6/2012,29.2,15.9,22.55,3
15/6/2012,27.4,15.2,21.3,3.8
16/6/2012,27.7,13.8,20.75,4.3
17/6/2012,27.4,12.9,20.15,4.7
18/6/2012,29,13.2,21.1,5.9
19/6/2012,25.7,16.8,21.25,1.9
20/6/2012,20.2,17.2,18.7,1.4
21/6/2012,21.6,16.7,19.15,0.6
22/6/2012,23.6,16.2,19.9,2.3
23/6/2012,22.8,11.8,17.3,3.8
24/6/2012,27.6,12.1,19.85,2.7
25/6/2012,26,15,20.5,4.3
26/6/2012,25.3,12.8,19.05,3.7
27/6/2012,26,11.8,18.9,3.6
28/6/2012,26.7,13.1,19.9,3.6
29/6/2012,27.3,13,20.15,2.8
30/6/2012,28.6,14.5,21.55,4.8
1/7/2012,28.6,13.7,21.15,4.1
2/7/2012,28.7,13.6,21.15,3.9
3/7/2012,27.8,13.9,20.85,5.2
4/7/2012,27.2,14.3,20.75,4.6
5/7/2012,28.4,12.7,20.55,3.3
6/7/2012,27.6,13.7,20.65,6.1
7/7/2012,27.4,14.9,21.15,5.1
8/7/2012,22.7,13.5,18.1,2.9
9/7/2012,25.9,10.5,18.2,3.5
10/7/2012,27.1,11.3,19.2,4.1
11/7/2012,28.5,12.4,20.45,5.4
12/7/2012,27.4,14.8,21.1,2.6
13/7/2012,22.9,8.9,15.9,2.1
14/7/2012,24.4,6,15.2,5.9
15/7/2012,25.6,9.5,17.55,4.1
16/7/2012,23.1,12.4,17.75,3.2
17/7/2012,24.4,12.4,18.4,2.4
18/7/2012,19.6,10.3,14.95,3.7
19/7/2012,21.7,5.8,13.75,3.4
20/7/2012,25.7,7.8,16.75,3.9
21/7/2012,29.2,7.6,18.4,4.9
22/7/2012,31.3,13.7,22.5,5.7
23/7/2012,31.7,17.6,24.65,5.9
24/7/2012,30.2,17,23.6,5.9
25/7/2012,30.4,16.2,23.3,7.9
26/7/2012,31.2,14.7,22.95,6.6
27/7/2012,31,15,23,7.2
28/7/2012,31.2,15.1,23.15,5.3
29/7/2012,30.1,15.4,22.75,7.6
30/7/2012,29.8,14.2,22,5.9
31/7/2012,26.6,14.4,20.5,5.1
1/8/2012,26.6,12.9,19.75,5.5
2/8/2012,28.2,12.9,20.55,6
3/8/2012,28.7,14.1,21.4,5.1
4/8/2012,29.6,14.1,21.85,5.3
5/8/2012,29.3,14.8,22.05,5
6/8/2012,27.6,15.1,21.35,6.8
7/8/2012,29.3,10.7,20,3.8
8/8/2012,30.2,13.9,22.05,6.2
9/8/2012,28.6,13.4,21,5.4
10/8/2012,27.9,12.3,20.1,6.4
11/8/2012,28.5,13.1,20.8,7.3
12/8/2012,28.1,12.6,20.35,6.7
13/8/2012,29.2,14,21.6,4.3
14/8/2012,28.4,13.6,21,6.7
15/8/2012,27.7,15.6,21.65,6.8
16/8/2012,29.7,14.1,21.9,5.3
17/8/2012,29,14.3,21.65,7.8
18/8/2012,28.8,12.6,20.7,7.2
19/8/2012,28.9,12.7,20.8,6.7
20/8/2012,28.3,13.4,20.85,7.6
21/8/2012,29.2,13.7,21.45,6.8
22/8/2012,30.2,13.2,21.7,7.4
23/8/2012,28.1,13.5,20.8,7.5
24/8/2012,30,14.7,22.35,7.6
25/8/2012,30.5,15.2,22.85,5.9
26/8/2012,30,16.3,23.15,8.1
27/8/2012,30.2,17.1,23.65,5.1
28/8/2012,30.3,14.2,22.25,6.3
29/8/2012,28.4,13.5,20.95,5.7
30/8/2012,28,13.4,20.7,7.9
31/8/2012,31.6,11,21.3,7
1/9/2012,33,13.1,23.05,7.7
2/9/2012,33.9,14.4,24.15,7.1
3/9/2012,33.4,15.4,24.4,9.4
4/9/2012,32.6,15,23.8,6.2
5/9/2012,33.8,15.6,24.7,7.9
6/9/2012,34.3,17.3,25.8,7.5
7/9/2012,33.4,18.1,25.75,9.9
8/9/2012,34.6,17.7,26.15,8.1
9/9/2012,34.5,16.5,25.5,7.7
10/9/2012,35.4,17.6,26.5,8.6
11/9/2012,35,16.6,25.8,7.5
12/9/2012,36.6,17.2,26.9,9.4
13/9/2012,34.9,19.6,27.25,9.8
14/9/2012,35.6,17.3,26.45,8.1
15/9/2012,35.2,18.8,27,7.7
16/9/2012,35,20.2,27.6,8.6
17/9/2012,35.8,21.8,28.8,10.9
18/9/2012,35.6,21.4,28.5,13.2
19/9/2012,35.8,20,27.9,10.7
20/9/2012,28.4,18.3,23.35,3.8
21/9/2012,21.6,16.7,19.15,1.6
22/9/2012,27.2,16,21.6,5.9
23/9/2012,31.4,13.6,22.5,7.2
24/9/2012,30.4,17.2,23.8,5.5
25/9/2012,24.8,17.7,21.25,3
26/9/2012,21.6,16.2,18.9,4.4
27/9/2012,23.3,6.2,14.75,8.2
28/9/2012,26.8,10,18.4,8.1
29/9/2012,29.6,11.5,20.55,8.1
30/9/2012,32.2,12.7,22.45,7.1
1/10/2012,34.4,16,25.2,7.5
2/10/2012,35.5,17.9,26.7,9.3
3/10/2012,35.4,21,28.2,10.9
4/10/2012,34.3,18.8,26.55,8.7
5/10/2012,35,19.9,27.45,10.1
6/10/2012,33.8,18.8,26.3,9
7/10/2012,33.4,19.8,26.6,8.8
8/10/2012,33.6,18.3,25.95,8.7
9/10/2012,33.2,17.6,25.4,9.9
10/10/2012,33.4,20,26.7,9.8
11/10/2012,27.5,21.7,24.6,3.5
12/10/2012,30.2,16.7,23.45,6.6
13/10/2012,28.5,16.8,22.65,8.6
14/10/2012,30.2,17.8,24,8.1
15/10/2012,32.2,14.6,23.4,8.4
16/10/2012,33.3,17.9,25.6,7.2
17/10/2012,29.6,18.6,24.1,4.7
18/10/2012,33,18.1,25.55,6.7
19/10/2012,33.9,19.6,26.75,8.7
20/10/2012,34.2,19.1,26.65,10
21/10/2012,34.5,19.3,26.9,9.2
22/10/2012,34.4,19.8,27.1,12.1
23/10/2012,34.1,21.6,27.85,7.2
24/10/2012,31.8,19.7,25.75,6
25/10/2012,35.8,21.4,28.6,7.8
26/10/2012,35.8,22.2,29,11.3
27/10/2012,35.6,20.7,28.15,7
28/10/2012,36.7,23,29.85,10.3
29/10/2012,38.6,19.4,29,8.6
30/10/2012,38.2,22.7,30.45,9.3
31/10/2012,39.2,21.7,30.45,9.1
1/11/2012,35.6,20.9,28.25,9.9
2/11/2012,31.7,19.8,25.75,6.4
3/11/2012,31.2,19.3,25.25,4.3
4/11/2012,31.6,18.1,24.85,5.8
5/11/2012,33.1,18.9,26,10.8
6/11/2012,33.1,19.4,26.25,7.5
7/11/2012,33.4,18.9,26.15,10.1
8/11/2012,27.4,20.2,23.8,1.7
9/11/2012,24,20.4,22.2,2.6
10/11/2012,30,19.6,24.8,5
11/11/2012,31.8,18.9,25.35,9
12/11/2012,33.2,21.2,27.2,7.6
13/11/2012,29.2,20.7,24.95,2.9
14/11/2012,28.8,16.3,22.55,4.8
15/11/2012,30.5,16,23.25,7.2
16/11/2012,30.8,17.8,24.3,7.3
17/11/2012,30.4,15.1,22.75,11.3
18/11/2012,31.9,14.6,23.25,5.9
19/11/2012,31.8,18.3,25.05,9.7
20/11/2012,32.9,18.4,25.65,5.8
21/11/2012,33.7,19.6,26.65,9.8
22/11/2012,34.3,19.4,26.85,9
23/11/2012,34.6,19.9,27.25,10
24/11/2012,31.6,20.6,26.1,4.8
25/11/2012,27,20.4,23.7,3.5
26/11/2012,30.9,19.3,25.1,6.8
27/11/2012,32.7,19.4,26.05,5.6
28/11/2012,34.5,20.9,27.7,8.3
29/11/2012,34.3,21.4,27.85,10.6
30/11/2012,34,21.2,27.6,9.1
1/12/2012,31.4,21.2,26.3,6.7
2/12/2012,31.2,20.4,25.8,6.7
3/12/2012,32.1,19.2,25.65,5.5
4/12/2012,33.4,21.2,27.3,7
5/12/2012,33,21.3,27.15,9.6
6/12/2012,33.6,20.6,27.1,8.7
7/12/2012,34.6,22.2,28.4,9
8/12/2012,37.2,23.1,30.15,9.3
9/12/2012,33.7,22.6,28.15,6.7
10/12/2012,34.6,20.8,27.7,10.2
11/12/2012,32.4,21.6,27,8
12/12/2012,34.9,21.6,28.25,12.4
13/12/2012,32.6,20.4,26.5,7
14/12/2012,30.3,21.6,25.95,4.8
15/12/2012,27.9,21.8,24.85,6
16/12/2012,29.2,20.6,24.9,5
17/12/2012,23.6,20.9,22.25,1.1
18/12/2012,31.7,20.7,26.2,6.1
19/12/2012,32.6,22.5,27.55,6.5
20/12/2012,35.2,21,28.1,9
21/12/2012,35.6,21.6,28.6,6.8
22/12/2012,31.8,21.5,26.65,5.8
23/12/2012,33.7,21.1,27.4,6.7
24/12/2012,34.8,21.6,28.2,6.9
25/12/2012,34.4,21.8,28.1,6.9
26/12/2012,28.7,20.6,24.65,2.5
27/12/2012,34.2,20.7,27.45,6.8
28/12/2012,25.2,19.4,22.3,2.5
29/12/2012,29.7,20.8,25.25,4.5
30/12/2012,31.9,21.1,26.5,5.5
31/12/2012,30.9,20.9,25.9,5
1/1/2013,32.6,20.6,26.6,6.2
2/1/2013,31.7,20.5,26.1,5.7
3/1/2013,32.1,19.3,25.7,5.6
4/1/2013,31.7,20,25.85,5.7
5/1/2013,31.9,21,26.45,4
6/1/2013,32.3,22.2,27.25,5.8
7/1/2013,31.8,20.1,25.95,6.8
8/1/2013,32.6,20.5,26.55,7
9/1/2013,29.7,20.3,25,3.3
10/1/2013,28.1,21.2,24.65,4.8
11/1/2013,28.3,17.1,22.7,7.9
12/1/2013,27.6,17.3,22.45,4
13/1/2013,26.4,19.6,23,4.2
14/1/2013,26.4,18.8,22.6,3.8
15/1/2013,25.8,19.4,22.6,1.4
16/1/2013,27.8,18.9,23.35,2.5
17/1/2013,29.2,17.4,23.3,4.2
18/1/2013,31.2,18,24.6,5.8
19/1/2013,32.8,19.9,26.35,7
20/1/2013,31.2,19.8,25.5,6.4
21/1/2013,29.2,17.3,23.25,7.6
22/1/2013,31.3,17.9,24.6,6.4
23/1/2013,32.4,18.8,25.6,5.6
24/1/2013,31.8,20.8,26.3,6.9
25/1/2013,31.5,21.3,26.4,9
26/1/2013,27.4,21.8,24.6,1.6
27/1/2013,31.1,21.7,26.4,3.7
28/1/2013,30.6,21,25.8,4.1
29/1/2013,30.4,20.1,25.25,3.4
30/1/2013,30.6,21.7,26.15,8
31/1/2013,29.9,21.6,25.75,5.1
1/2/2013,30.8,21.3,26.05,3.8
2/2/2013,31.4,21.5,26.45,5.4
3/2/2013,27.9,19.9,23.9,5.7
4/2/2013,29.6,20.6,25.1,3.5
5/2/2013,30.8,18.9,24.85,3.2
6/2/2013,30.8,19.2,25,6.5
7/2/2013,26.8,19.2,23,3.4
8/2/2013,25.4,19.8,22.6,3.1
9/2/2013,24.2,18.8,21.5,0.9
10/2/2013,30.8,19.3,25.05,1.9
11/2/2013,31.8,19.8,25.8,4.3
12/2/2013,33.1,19.9,26.5,7
13/2/2013,32,22,27,4.9
14/2/2013,33.8,21,27.4,6.5
15/2/2013,33.3,21,27.15,5.2
16/2/2013,35.1,22,28.55,8.2
17/2/2013,31.6,20.3,25.95,5.1
18/2/2013,33.7,20.8,27.25,8.1
19/2/2013,32.3,20.6,26.45,5.1
20/2/2013,32.4,20.6,26.5,6.3
21/2/2013,32.2,19.6,25.9,7.9
22/2/2013,31.5,19.1,25.3,7.6
23/2/2013,29.4,19.1,24.25,3.5
24/2/2013,32.4,18,25.2,6.7
25/2/2013,31.6,19.4,25.5,5.9
26/2/2013,31.3,19.8,25.55,5.2
27/2/2013,30.3,20.6,25.45,6.6
28/2/2013,31.3,20.5,25.9,4.1
1/3/2013,28.6,19.4,24,4.7
2/3/2013,29.8,18.2,24,5.9
3/3/2013,31.7,18.8,25.25,4.4
4/3/2013,33.2,20.4,26.8,7.3
5/3/2013,34,20.1,27.05,7.6
6/3/2013,32.7,20.1,26.4,4.6
7/3/2013,34.6,22.2,28.4,6.6
8/3/2013,34.3,20.4,27.35,6.3
9/3/2013,32.9,20.6,26.75,5.6
10/3/2013,32.9,20.5,26.7,5.6
11/3/2013,31.5,20.6,26.05,5.8
12/3/2013,33.6,20.2,26.9,5.8
13/3/2013,30.2,21.7,25.95,3.8
14/3/2013,28.2,22.3,25.25,2.9
15/3/2013,30.4,20.3,25.35,3.8
16/3/2013,32,21.6,26.8,4.2
17/3/2013,32,21,26.5,5.3
18/3/2013,27.2,19,23.1,5.6
19/3/2013,22.6,17.7,20.15,0.7
20/3/2013,25.6,18.4,22,3.3
21/3/2013,26,18,22,1.6
22/3/2013,28.8,19,23.9,2.7
23/3/2013,31.6,20,25.8,5
24/3/2013,29.4,18.8,24.1,4.4
25/3/2013,28.8,18.9,23.85,5.2
26/3/2013,23.2,20.3,21.75,0.7
27/3/2013,28.4,18.5,23.45,3.9
28/3/2013,28.4,17.5,22.95,5.4
29/3/2013,30.2,14.8,22.5,4.8
30/3/2013,30,16.2,23.1,4.4
31/3/2013,30.4,19.2,24.8,3.4
1/4/2013,32.6,19.4,26,3.8
2/4/2013,29.2,20.6,24.9,4.1
3/4/2013,30.9,19.5,25.2,3.7
4/4/2013,27.8,20.2,24,2.3
5/4/2013,26.6,20.4,23.5,2
6/4/2013,27.7,20.9,24.3,1.6
7/4/2013,29.8,19.9,24.85,3.6
8/4/2013,31.4,20.4,25.9,4.5
9/4/2013,30.8,19.6,25.2,4
10/4/2013,25.2,20,22.6,1.7
11/4/2013,27.2,19.3,23.25,1.9
12/4/2013,29.5,20.1,24.8,3.6
13/4/2013,23.6,20.9,22.25,1.5
14/4/2013,26.8,19,22.9,3.3
15/4/2013,27.6,15,21.3,5.1
16/4/2013,28.4,13.5,20.95,4.5
17/4/2013,28.1,13.6,20.85,5.5
18/4/2013,28.6,13,20.8,3.8
19/4/2013,30,14.2,22.1,4.2
20/4/2013,30.2,15,22.6,4.4
21/4/2013,28.2,14.1,21.15,3.8
22/4/2013,26.3,14,20.15,4.1
23/4/2013,26.1,14.4,20.25,3.9
24/4/2013,27.9,14.2,21.05,4
25/4/2013,28.5,15.8,22.15,4.1
26/4/2013,29,14.3,21.65,3.4
27/4/2013,28.8,14.8,21.8,4.8
28/4/2013,28.5,15,21.75,3.7
29/4/2013,28.8,16.2,22.5,4.1
30/4/2013,30.1,15,22.55,3.8
1/5/2013,31.2,16.3,23.75,4.3
2/5/2013,31.6,17.2,24.4,4.1
3/5/2013,30.2,17.2,23.7,6
4/5/2013,30.4,16.4,23.4,4.6
5/5/2013,31.4,17.6,24.5,5.5
6/5/2013,26.9,17.2,22.05,3.8
7/5/2013,26,12.4,19.2,3.9
8/5/2013,24.8,8.9,16.85,3.3
9/5/2013,28.5,10,19.25,4
10/5/2013,29.6,10.7,20.15,3.9
11/5/2013,30,12.7,21.35,4.7
12/5/2013,29.1,13.6,21.35,4
13/5/2013,28.7,13.3,21,3
14/5/2013,30.2,15.8,23,3.6
15/5/2013,30,17.8,23.9,3.5
16/5/2013,31.4,17.2,24.3,5.1
17/5/2013,28.6,19.3,23.95,4.1
18/5/2013,28.6,15.2,21.9,4
19/5/2013,30.9,16.4,23.65,3.3
20/5/2013,30.5,17,23.75,3.6
21/5/2013,30,17,23.5,2.4
22/5/2013,30.6,18.9,24.75,5.7
23/5/2013,27.8,17.4,22.6,2.6
24/5/2013,21,16,18.5,2.6
25/5/2013,24.7,14.8,19.75,2.4
26/5/2013,26.8,12.1,19.45,3.2
27/5/2013,24.7,15,19.85,1.8
28/5/2013,24.8,15.2,20,2.7
29/5/2013,18.8,15.1,16.95,1.2
30/5/2013,23.6,16.2,19.9,0.8
31/5/2013,26.6,14.6,20.6,2.9
1/6/2013,29.4,14.8,22.1,3.3
2/6/2013,26.3,16.7,21.5,2.2
3/6/2013,22.4,15.5,18.95,1.1
4/6/2013,23.9,13.3,18.6,2
5/6/2013,27,12.6,19.8,2.8
6/6/2013,29.3,13.6,21.45,3
7/6/2013,28.9,15.5,22.2,3.5
8/6/2013,27.8,15.7,21.75,3.6
9/6/2013,28.3,14.7,21.5,2.7
10/6/2013,26.7,15.6,21.15,1.2
11/6/2013,28.1,16.4,22.25,4.3
12/6/2013,28.6,16.4,22.5,3
13/6/2013,29.4,15.7,22.55,2.1
14/6/2013,28.7,14.7,21.7,3.6
15/6/2013,26.6,13.6,20.1,3.3
16/6/2013,29.1,15.4,22.25,4.8
17/6/2013,25.6,17,21.3,4
18/6/2013,27.8,13.4,20.6,2.1
19/6/2013,29.2,13.2,21.2,4
20/6/2013,28.6,16.8,22.7,3.6
21/6/2013,28,15.3,21.65,5.1
22/6/2013,21.2,17.4,19.3,0.9
23/6/2013,27.2,15.7,21.45,2.2
24/6/2013,28.4,14.7,21.55,2.2
25/6/2013,26.2,16.6,21.4,1.7
26/6/2013,21.7,17.4,19.55,0.7
27/6/2013,24.6,16.2,20.4,1
28/6/2013,28.6,16.2,22.4,3
29/6/2013,28.5,15.6,22.05,3.2
30/6/2013,29.6,16,22.8,3
1/7/2013,28.6,15.9,22.25,3.3
2/7/2013,25.9,15,20.45,3.6
3/7/2013,27.8,13.5,20.65,3.4
4/7/2013,26.4,13.2,19.8,3.2
5/7/2013,27.2,13.2,20.2,3.4
6/7/2013,29.2,13,21.1,3.9
7/7/2013,29.4,11.8,20.6,2.2
8/7/2013,27.4,12.9,20.15,4.3
9/7/2013,26.7,13.1,19.9,2.5
10/7/2013,26.5,13.3,19.9,3.2
11/7/2013,25.6,12.2,18.9,3.5
12/7/2013,27.2,12.1,19.65,2.7
13/7/2013,28.4,14,21.2,4.8
14/7/2013,26.9,15.6,21.25,3.1
15/7/2013,28.3,13,20.65,3.8
16/7/2013,28.3,13.7,21,3
17/7/2013,28.8,12.3,20.55,4.5
18/7/2013,30,12,21,4.3
19/7/2013,28.3,13.1,20.7,5.4
20/7/2013,29.8,15.8,22.8,4.2
21/7/2013,31.2,18.6,24.9,3.6
22/7/2013,25.6,17.5,21.55,5.5
23/7/2013,14,9.7,11.85,1.2
24/7/2013,12.4,8.8,10.6,0.8
25/7/2013,17.4,9.1,13.25,2
26/7/2013,20.6,5.8,13.2,4
27/7/2013,26.4,8.2,17.3,3.4
28/7/2013,26.3,8.4,17.35,2.2
29/7/2013,27.3,9.5,18.4,5.6
30/7/2013,29,9.6,19.3,2.9
31/7/2013,29.6,10.9,20.25,4.5
1/8/2013,29.3,11.6,20.45,5.3
2/8/2013,31.6,12.1,21.85,5
3/8/2013,31.3,11.5,21.4,5.8
4/8/2013,31.4,13.1,22.25,5.3
5/8/2013,32.1,14.3,23.2,4.3
6/8/2013,31.6,15,23.3,4.3
7/8/2013,29.7,14,21.85,5.3
8/8/2013,30.3,14.2,22.25,6.9
9/8/2013,31.8,16.6,24.2,5.1
10/8/2013,28,14.1,21.05,5.8
11/8/2013,22.5,9.8,16.15,4
12/8/2013,30.2,9.8,20,3.4
13/8/2013,31.3,16,23.65,5.5
14/8/2013,23.2,12.4,17.8,3.7
15/8/2013,21.2,4.6,12.9,4.6
16/8/2013,28.8,8,18.4,3
17/8/2013,27.6,10.4,19,4.2
18/8/2013,29,13.1,21.05,5.1
19/8/2013,29.2,12.2,20.7,4.7
20/8/2013,28.5,12.3,20.4,4.3
21/8/2013,29,12.9,20.95,5.5
22/8/2013,30,16.9,23.45,5.5
23/8/2013,32.5,16.7,24.6,6.7
24/8/2013,32.7,16.4,24.55,6.9
25/8/2013,33,11.8,22.4,6.5
26/8/2013,29.5,15.7,22.6,4
27/8/2013,17.3,9.7,13.5,5
28/8/2013,23.2,5,14.1,4
29/8/2013,30.1,7.6,18.85,5.3
30/8/2013,32.1,11,21.55,5.9
31/8/2013,31.8,13.4,22.6,5.5
1/9/2013,32.6,15,23.8,6.2
2/9/2013,33.2,15.2,24.2,8.4
3/9/2013,25.3,15.9,20.6,1.8
4/9/2013,23.6,16,19.8,2.3
5/9/2013,29,12.3,20.65,5.6
6/9/2013,29.4,13.8,21.6,7.3
7/9/2013,30.7,12.6,21.65,5.7
8/9/2013,31.6,15.2,23.4,5.4
9/9/2013,31.6,14.2,22.9,6.8
10/9/2013,32.8,14.6,23.7,6.2
11/9/2013,32.1,15,23.55,7.1
12/9/2013,31.9,15.3,23.6,6.7
13/9/2013,31.8,15,23.4,7.1
14/9/2013,33.6,16.3,24.95,7.4
15/9/2013,33.9,19.1,26.5,8.4
16/9/2013,35.6,19.7,27.65,9.1
17/9/2013,25.4,17.8,21.6,4
18/9/2013,26.5,16.2,21.35,1.5
19/9/2013,31.6,18.4,25,4.5
20/9/2013,34,18,26,8.7
21/9/2013,35.2,20,27.6,10.7
22/9/2013,35.4,21.4,28.4,9.3
23/9/2013,32,21.2,26.6,6
24/9/2013,23.8,18.1,20.95,3.7
25/9/2013,25.5,11.7,18.6,7.2
26/9/2013,27.6,11,19.3,7
27/9/2013,31.8,10.4,21.1,7.6
28/9/2013,36.4,13.2,24.8,8.1
29/9/2013,19.7,16.8,18.25,1.4
30/9/2013,24.6,16.4,20.5,2.8
1/10/2013,28.3,18,23.15,4.5
2/10/2013,21.6,18.9,20.25,0.6
3/10/2013,31.9,17.9,24.9,5.7
4/10/2013,22.8,18.2,20.5,1.7
5/10/2013,28.8,18.2,23.5,5.6
6/10/2013,28.7,14.6,21.65,8.4
7/10/2013,28.1,14.3,21.2,7.5
8/10/2013,23.4,13.5,18.45,3.1
9/10/2013,27,12.2,19.6,3.6
10/10/2013,28.6,13.6,21.1,5.6
11/10/2013,29.6,14.9,22.25,6.5
12/10/2013,27.8,16.4,22.1,4.6
13/10/2013,33,17.6,25.3,7.6
14/10/2013,32.9,19.3,26.1,7.1
15/10/2013,29.6,21.1,25.35,4.2
16/10/2013,24,18.6,21.3,0.3
17/10/2013,26.7,18.1,22.4,4.1
18/10/2013,28.8,18.1,23.45,4.8
19/10/2013,31.4,16,23.7,7.5
20/10/2013,33.2,15.8,24.5,7.3
21/10/2013,34.3,18.4,26.35,8.6
22/10/2013,33.4,20.2,26.8,5.3
23/10/2013,33.6,20.2,26.9,7.7
24/10/2013,34.3,19.8,27.05,7.6
25/10/2013,33,21.4,27.2,7.5
26/10/2013,34.4,18.9,26.65,9.4
27/10/2013,34.2,21.9,28.05,8.5
28/10/2013,30.4,17,23.7,8.8
29/10/2013,33.5,12.8,23.15,6.8
30/10/2013,33.8,17,25.4,6.7
31/10/2013,33.6,18,25.8,8.3
1/11/2013,31.7,17.4,24.55,7
2/11/2013,31.3,18.2,24.75,5.9
3/11/2013,32.5,19.2,25.85,8.4
4/11/2013,26.3,19.7,23,2
5/11/2013,21.2,18.2,19.7,2
6/11/2013,19,16.1,17.55,2
7/11/2013,26.3,16.1,21.2,4
8/11/2013,31,17.8,24.4,4.9
9/11/2013,33.4,17.4,25.4,7
10/11/2013,35.5,19.1,27.3,7.6
11/11/2013,35.8,21.5,28.65,6.1
12/11/2013,31.3,20.8,26.05,3.5
13/11/2013,32.8,21.6,27.2,10.4
14/11/2013,32.6,21,26.8,7.2
15/11/2013,33.1,18.8,25.95,8.3
16/11/2013,31.6,19.6,25.6,5.9
17/11/2013,28,19.4,23.7,2.5
18/11/2013,31.8,18.9,25.35,7.7
19/11/2013,32.2,20,26.1,6.1
20/11/2013,34.2,18.6,26.4,7.9
21/11/2013,34,21.6,27.8,4.1
22/11/2013,29.9,20.6,25.25,6.1
23/11/2013,27.5,19.3,23.4,3.7
24/11/2013,26.8,19,22.9,5.1
25/11/2013,23,19.9,21.45,0.9
26/11/2013,30.6,19.2,24.9,5.4
27/11/2013,31.4,18.3,24.85,2.9
28/11/2013,34.2,20.2,27.2,9.7
29/11/2013,33.7,21,27.35,8.9
30/11/2013,31.7,20.6,26.15,4.2
1/12/2013,29.3,20.8,25.05,3.6
2/12/2013,28.3,21.3,24.8,4.1
3/12/2013,33.2,20,26.6,6
4/12/2013,33.4,20.6,27,6.7
5/12/2013,33.8,21.7,27.75,8.8
6/12/2013,32.6,19,25.8,6.6
7/12/2013,31.8,20.4,26.1,5.2
8/12/2013,33.5,19.7,26.6,4.4
9/12/2013,33,21,27,7.3
10/12/2013,29.4,20.3,24.85,3.6
11/12/2013,27.3,21.8,24.55,2.6
12/12/2013,30.5,19.1,24.8,6.3
13/12/2013,31.7,17.5,24.6,5.1
14/12/2013,31.8,20,25.9,7.6
15/12/2013,32.1,20.4,26.25,4.4
16/12/2013,32.9,19.4,26.15,8.1
17/12/2013,31.3,17.9,24.6,8
18/12/2013,32.4,17.6,25,7.8
19/12/2013,33.1,18.4,25.75,8.2
20/12/2013,32.3,19.7,26,6.6
21/12/2013,31.5,18.3,24.9,5.9
22/12/2013,31.7,18.7,25.2,7.1
23/12/2013,29,20.4,24.7,3.9
24/12/2013,30,20,25,4.5
25/12/2013,30.3,21.5,25.9,2.8
26/12/2013,33.9,21.4,27.65,5.7
27/12/2013,33.5,24,28.75,5.3
28/12/2013,32.1,20.5,26.3,6.3
29/12/2013,30.8,20.4,25.6,6
30/12/2013,30.4,21.7,26.05,7.8
31/12/2013,30.2,21,25.6,3.6
1/1/2014,31.6,21.5,26.55,5.8
2/1/2014,33.2,20.2,26.7,5.3
3/1/2014,35.4,21.8,28.6,8.3
4/1/2014,35.5,22.5,29,8
5/1/2014,33.9,21,27.45,7.9
6/1/2014,33.3,20.1,26.7,5.9
7/1/2014,32.6,19.5,26.05,8.2
8/1/2014,31.4,19.9,25.65,7.5
9/1/2014,32.8,21,26.9,7.6
10/1/2014,33.5,19.4,26.45,9.2
11/1/2014,32.4,18.5,25.45,6.3
12/1/2014,31.8,21,26.4,8.9
13/1/2014,31.9,20.1,26,4.8
14/1/2014,33,20.7,26.85,7.4
15/1/2014,32.2,19.3,25.75,5.1
16/1/2014,30.6,19.4,25,5
17/1/2014,31.2,20,25.6,7.1
18/1/2014,30.4,17.9,24.15,4.7
19/1/2014,31.7,17.9,24.8,4.6
20/1/2014,33.6,19.6,26.6,8.5
21/1/2014,31.6,19.2,25.4,7
22/1/2014,32.5,21.5,27,8.2
23/1/2014,32,20.4,26.2,5.6
24/1/2014,29.7,20.4,25.05,5.2
25/1/2014,32.6,19.4,26,6.2
26/1/2014,33.1,20.4,26.75,6.7
27/1/2014,33.6,20.2,26.9,7.9
28/1/2014,32.7,18.6,25.65,8.4
29/1/2014,32.8,16.8,24.8,6.6
30/1/2014,34.2,18.7,26.45,8.1
31/1/2014,34.2,19.9,27.05,7.3
1/2/2014,34.5,19.7,27.1,8.8
2/2/2014,32.1,21.1,26.6,8
3/2/2014,34.1,18.6,26.35,9.8
4/2/2014,34.9,19.9,27.4,7.4
5/2/2014,36.1,18.9,27.5,9.4
6/2/2014,35.2,20.6,27.9,9.4
7/2/2014,35.1,18.8,26.95,8.2
8/2/2014,34.7,20,27.35,7.9
9/2/2014,35.1,19.8,27.45,7
10/2/2014,36.2,20,28.1,9.7
11/2/2014,34.8,19.6,27.2,6.6
12/2/2014,33.4,21.2,27.3,7.4
13/2/2014,34.7,20.1,27.4,8
14/2/2014,32.5,20.2,26.35,6
15/2/2014,25.2,20.4,22.8,1.1
16/2/2014,26.3,20.6,23.45,2.2
17/2/2014,29.7,20.2,24.95,5.4
18/2/2014,31.6,20,25.8,6.5
19/2/2014,32.5,18.4,25.45,9.1
20/2/2014,33.5,17.9,25.7,8.6
21/2/2014,31.8,19.7,25.75,5.8
22/2/2014,26.4,20.5,23.45,1.1
23/2/2014,31.5,21.3,26.4,6.1
24/2/2014,30.4,20.1,25.25,5.5
25/2/2014,31,19.2,25.1,6.8
26/2/2014,33.5,18.6,26.05,6.5
27/2/2014,32.1,19.9,26,7.7
28/2/2014,30.5,21.3,25.9,4.1
1/3/2014,29.7,18,23.85,5.8
2/3/2014,31.8,18.3,25.05,5.8
3/3/2014,31.8,19.3,25.55,6.7
4/3/2014,31.6,21.8,26.7,5.5
5/3/2014,25.2,20.9,23.05,1.2
6/3/2014,31.2,20,25.6,9.8
7/3/2014,28,19.6,23.8,3.9
8/3/2014,29.7,19.1,24.4,5.7
9/3/2014,31.4,18,24.7,4.9
10/3/2014,32.4,19.1,25.75,7.3
11/3/2014,32.3,19.7,26,7.4
12/3/2014,29.4,20.4,24.9,4.3
13/3/2014,30.5,20.3,25.4,2.7
14/3/2014,32.4,20.1,26.25,2.6
15/3/2014,33.6,21.3,27.45,6.4
16/3/2014,32.8,19.8,26.3,7.7
17/3/2014,33,18.4,25.7,5
18/3/2014,32.7,19.1,25.9,6.2
19/3/2014,32,19,25.5,6.4
20/3/2014,32.3,20.3,26.3,5.6
21/3/2014,31,20.9,25.95,6.6
22/3/2014,29.1,20.3,24.7,3.2
23/3/2014,30,19.4,24.7,6.4
24/3/2014,30.6,18,24.3,5.6
25/3/2014,30.7,17.6,24.15,7.6
26/3/2014,30.7,17.1,23.9,5.5
27/3/2014,31.1,18.3,24.7,5.3
28/3/2014,31.4,17.9,24.65,5
29/3/2014,30.9,19,24.95,5.2
30/3/2014,26.5,21.3,23.9,1.8
31/3/2014,30.6,20.7,25.65,3.3
1/4/2014,31.6,20.6,26.1,5.5
2/4/2014,32.2,19.2,25.7,5.2
3/4/2014,33.5,19,26.25,6.7
4/4/2014,31.4,19.5,25.45,4
5/4/2014,31.3,18.9,25.1,7
6/4/2014,33,18.5,25.75,5.2
7/4/2014,32.7,18.3,25.5,5.2
8/4/2014,34,17.5,25.75,5
9/4/2014,32.7,19.5,26.1,4.5
10/4/2014,30.8,19.7,25.25,3.2
11/4/2014,32.1,19.4,25.75,5.3
12/4/2014,32.2,20.4,26.3,5.6
13/4/2014,30.3,20.4,25.35,1.9
14/4/2014,30,19.9,24.95,6.1
15/4/2014,24.2,18.6,21.4,1.3
16/4/2014,29,18.6,23.8,2.9
17/4/2014,30.6,18.1,24.35,5
18/4/2014,32.2,17.5,24.85,4.5
19/4/2014,32,18.4,25.2,5.5
20/4/2014,31.8,19.4,25.6,3.6
21/4/2014,31.4,19.1,25.25,3.9
22/4/2014,25.4,20,22.7,3.3
23/4/2014,27.4,18.2,22.8,5
24/4/2014,26.4,19.3,22.85,2.6
25/4/2014,27.8,15.4,21.6,1.5
26/4/2014,27.3,14.4,20.85,5.7
27/4/2014,27.1,12.6,19.85,4
28/4/2014,27.3,12.6,19.95,4
29/4/2014,27,11.9,19.45,4.2
30/4/2014,26.8,13.1,19.95,5.2
1/5/2014,27.4,13,20.2,5.6
2/5/2014,29.3,14.2,21.75,2.6
3/5/2014,28.2,16.4,22.3,4.4
4/5/2014,29.3,14.2,21.75,4.5
5/5/2014,29.6,14.8,22.2,3.5
6/5/2014,30.8,15.4,23.1,5.1
7/5/2014,30,16.4,23.2,3.7
8/5/2014,30.5,15.4,22.95,4.1
9/5/2014,29.8,15,22.4,5
10/5/2014,27.2,14.3,20.75,5.2
11/5/2014,28,12.4,20.2,3.1
12/5/2014,28.2,12.7,20.45,4.3
13/5/2014,28.6,13.5,21.05,3.3
14/5/2014,27.8,15,21.4,4.3
15/5/2014,28.9,12.8,20.85,3.4
16/5/2014,30.4,14.4,22.4,4.5
17/5/2014,29.5,17.8,23.65,5
18/5/2014,27.4,17.6,22.5,2.6
19/5/2014,30.1,14.2,22.15,4.5
20/5/2014,29.5,14.6,22.05,3.2
21/5/2014,30.1,14.9,22.5,6.3
22/5/2014,31.8,15.6,23.7,5.6
23/5/2014,23.5,18.8,21.15,0.5
24/5/2014,25.3,19.4,22.35,1.4
25/5/2014,29.1,17.6,23.35,2.4
26/5/2014,23.8,18.8,21.3,2.8
27/5/2014,20.9,8.4,14.65,3
28/5/2014,24.2,9.5,16.85,2.2
29/5/2014,21.3,11.1,16.2,3.5
30/5/2014,28.1,11.4,19.75,3.3
31/5/2014,28.4,12,20.2,4.7
1/6/2014,22.3,14,18.15,0.9
2/6/2014,25.9,15,20.45,2.3
3/6/2014,24.6,9.8,17.2,3.3
4/6/2014,28.7,8.4,18.55,3.5
5/6/2014,30.8,13.7,22.25,7
6/6/2014,31.1,16.2,23.65,4.4
7/6/2014,31.7,16,23.85,4.7
8/6/2014,30.8,15,22.9,7
9/6/2014,31,15.4,23.2,5.7
10/6/2014,28.7,16.2,22.45,3.3
11/6/2014,28.4,14.2,21.3,4
12/6/2014,28.6,13.8,21.2,4.8
13/6/2014,29.7,13.2,21.45,4.1
14/6/2014,30.6,14.4,22.5,3.8
15/6/2014,30.2,15.4,22.8,3.6
16/6/2014,30.3,15,22.65,3.5
17/6/2014,30.1,14.9,22.5,4.2
18/6/2014,30.6,16.2,23.4,3
19/6/2014,27.3,13.6,20.45,4.4
20/6/2014,26.6,11.4,19,3.3
21/6/2014,26.5,11.6,19.05,4.4
22/6/2014,29,11.6,20.3,2.5
23/6/2014,26.2,13.7,19.95,3.5
24/6/2014,28.5,12.2,20.35,3.4
25/6/2014,29.6,12.6,21.1,4.2
26/6/2014,29.9,13.6,21.75,4.5
27/6/2014,31,13.6,22.3,5.3
28/6/2014,30.8,14.2,22.5,6
29/6/2014,24.2,14.2,19.2,2.5
30/6/2014,24.7,11.9,18.3,3.4
1/7/2014,28.1,8.8,18.45,5.7
2/7/2014,30.6,14.4,22.5,4.5
3/7/2014,33.4,15,24.2,6
4/7/2014,31.5,15.4,23.45,4
5/7/2014,30.1,14.3,22.2,6.1
6/7/2014,29.8,12.4,21.1,4.6
7/7/2014,27.5,14.8,21.15,3.6
8/7/2014,27.6,17.7,22.65,3.7
9/7/2014,29,15.4,22.2,3.5
10/7/2014,26.4,15.6,21,2.9
11/7/2014,24.7,11.2,17.95,2.3
12/7/2014,26.4,12.4,19.4,3.3
13/7/2014,28.1,11.8,19.95,4.4
14/7/2014,28,11,19.5,4.6
15/7/2014,27.6,11.2,19.4,2.9
16/7/2014,29.7,12.1,20.9,5.4
17/7/2014,30.4,13.1,21.75,4.8
18/7/2014,25.3,15,20.15,2.4
19/7/2014,25.2,13.4,19.3,3
20/7/2014,27.3,8.3,17.8,4.7
21/7/2014,29.7,9,19.35,2.7
22/7/2014,30.5,13.4,21.95,5.4
23/7/2014,29.8,13.7,21.75,6.9
24/7/2014,23.8,17,20.4,3.3
25/7/2014,15.3,11.9,13.6,0.2
26/7/2014,17.7,11.4,14.55,0.5
27/7/2014,20.3,14.2,17.25,0.7
28/7/2014,24,13,18.5,2.7
29/7/2014,26.8,13.4,20.1,4
30/7/2014,28.3,12.1,20.2,4
31/7/2014,28.4,12.2,20.3,3.9
1/8/2014,30,12.3,21.15,4.9
2/8/2014,31.1,12.8,21.95,4.8
3/8/2014,31.4,12.8,22.1,5.6
4/8/2014,31.6,14,22.8,5.5
5/8/2014,28,14.4,21.2,7.6
6/8/2014,30,10.6,20.3,5.2
7/8/2014,29.5,12.7,21.1,5
8/8/2014,29.2,11.2,20.2,6.6
9/8/2014,27.7,13.6,20.65,6.4
10/8/2014,29.7,13.1,21.4,4.8
11/8/2014,31.6,11.5,21.55,5.5
12/8/2014,32.9,13.6,23.25,6.7
13/8/2014,31.4,16,23.7,7.2
14/8/2014,24,11.5,17.75,6
15/8/2014,30.2,14.3,22.25,4.4
16/8/2014,30.6,14.4,22.5,6.4
17/8/2014,30.2,16,23.1,3.4
18/8/2014,30.4,14,22.2,5.5
19/8/2014,30.1,15.7,22.9,6.6
20/8/2014,31.4,11.8,21.6,6
21/8/2014,32.3,12.8,22.55,5.9
22/8/2014,32.8,14.8,23.8,7
23/8/2014,33.1,14.8,23.95,6.5
24/8/2014,32.6,15.1,23.85,7.4
25/8/2014,33.8,15,24.4,9
26/8/2014,32.7,17.8,25.25,6.8
27/8/2014,29.3,14.7,22,6.6
28/8/2014,31.6,14.8,23.2,5.7
29/8/2014,32,14,23,6.5
30/8/2014,33.8,14.9,24.35,7.4
31/8/2014,36.4,16.5,26.45,8.1
1/9/2014,27.3,17.2,22.25,3
2/9/2014,29.8,16.8,23.3,7.7
3/9/2014,31.6,17,24.3,6
4/9/2014,27.7,15.4,21.55,9.5
5/9/2014,30.2,12.7,21.45,6.5
6/9/2014,31.6,13.8,22.7,7.8
7/9/2014,31.8,14.2,23,7
8/9/2014,32.2,17.8,25,7.9
9/9/2014,32.4,14.8,23.6,8.6
10/9/2014,34.6,16.6,25.6,9.9
11/9/2014,35.8,17.1,26.45,7.7
12/9/2014,35.6,17.4,26.5,8.8
13/9/2014,33.7,15,24.35,8.6
14/9/2014,35.4,18.3,26.85,6.9
15/9/2014,35.5,18.8,27.15,9.6
16/9/2014,32.5,17.1,24.8,7.1
17/9/2014,35.1,17,26.05,8
18/9/2014,37.2,16.4,26.8,7.7
19/9/2014,36,21.6,28.8,8.2
20/9/2014,23.3,19,21.15,0.9
21/9/2014,28.8,18.2,23.5,4.1
22/9/2014,29.5,15,22.25,9.3
23/9/2014,34.9,13.2,24.05,6.8
24/9/2014,34.6,19.6,27.1,9.5
25/9/2014,28.8,18.2,23.5,2.4
26/9/2014,30.8,19.4,25.1,4.3
27/9/2014,28.9,19.3,24.1,3.1
28/9/2014,31.9,18.9,25.4,3.5
29/9/2014,35.8,20.6,28.2,9.9
30/9/2014,28.5,19.9,24.2,3.8
1/10/2014,33.7,21.2,27.45,7.7
2/10/2014,30.8,19.4,25.1,11.1
3/10/2014,30.6,13.6,22.1,10.1
4/10/2014,29.2,11.6,20.4,11.6
5/10/2014,30.3,11.8,21.05,8.3
6/10/2014,30.8,11,20.9,7.6
7/10/2014,30,13.6,21.8,5.4
8/10/2014,33.4,13.9,23.65,8.9
9/10/2014,35.6,16.8,26.2,9.1
10/10/2014,37.1,18,27.55,9.8
11/10/2014,37.9,19.2,28.55,9.2
12/10/2014,38.2,18.8,28.5,10.5
13/10/2014,38.4,20.6,29.5,10.6
14/10/2014,40.3,23.2,31.75,10.4
15/10/2014,40.7,24,32.35,13.2
16/10/2014,40.4,20,30.2,13.3
17/10/2014,40.2,24.4,32.3,7.7
18/10/2014,40.2,21.2,30.7,14.2
19/10/2014,37.2,21,29.1,9.5
20/10/2014,31,20.2,25.6,6
21/10/2014,31.8,18.4,25.1,9.8
22/10/2014,35,17.4,26.2,8.6
23/10/2014,33.4,19.6,26.5,8.1
24/10/2014,33.9,20.7,27.3,6.5
25/10/2014,22.7,19.3,21,0.1
26/10/2014,27.6,19,23.3,2.9
27/10/2014,31.6,20,25.8,5.7
28/10/2014,33.1,15.8,24.45,10.4
29/10/2014,34.9,15.8,25.35,8.7
30/10/2014,36,19.2,27.6,9.6
31/10/2014,33.6,22.3,27.95,10.3
1/11/2014,34.4,22,28.2,12.4
2/11/2014,34.3,20,27.15,5.6
3/11/2014,31.8,20.6,26.2,7.2
4/11/2014,28.8,20.9,24.85,5.3
5/11/2014,33.2,20.8,27,8.9
6/11/2014,33.4,20.4,26.9,5.4
7/11/2014,33.4,21.2,27.3,11.9
8/11/2014,28.1,19.1,23.6,3.1
9/11/2014,31.8,21,26.4,7.4
10/11/2014,32.8,18.4,25.6,8.9
11/11/2014,33.5,17.3,25.4,7.5
12/11/2014,30,20.3,25.15,5.4
13/11/2014,31.4,19.1,25.25,8
14/11/2014,31.9,20,25.95,5.8
15/11/2014,31.2,17,24.1,8.4
16/11/2014,30.5,15.6,23.05,8.2
17/11/2014,32.6,15.7,24.15,9
18/11/2014,32.4,16.3,24.35,8.4
19/11/2014,32.6,18.8,25.7,8.2
20/11/2014,32.7,20.8,26.75,8.5
21/11/2014,33.2,21.2,27.2,5.7
22/11/2014,32.2,20.3,26.25,4.1
23/11/2014,29.2,19.9,24.55,3.5
24/11/2014,29.3,21,25.15,5.5
25/11/2014,29.2,20.1,24.65,6.7
26/11/2014,29,21,25,4.9
27/11/2014,29.8,22,25.9,2.9
28/11/2014,29.6,21.3,25.45,3.8
29/11/2014,26.6,19.3,22.95,2.4
30/11/2014,24.9,21.4,23.15,2.9
1/12/2014,28.5,20.8,24.65,6.2
2/12/2014,26.4,18.8,22.6,4.9
3/12/2014,29.5,18,23.75,4.1
4/12/2014,33.8,19.6,26.7,7.2
5/12/2014,30.5,19,24.75,5.3
6/12/2014,30.1,17.6,23.85,3.5
7/12/2014,29.6,18.5,24.05,5.7
8/12/2014,28.8,20,24.4,6.3
9/12/2014,28.7,20.9,24.8,4.3
10/12/2014,30.4,19.7,25.05,5.5
11/12/2014,29.5,20.2,24.85,2
12/12/2014,30.4,20.4,25.4,6
13/12/2014,24.3,19.8,22.05,1.4
14/12/2014,31.6,21,26.3,5.3
15/12/2014,31.2,17.1,24.15,7.5
16/12/2014,32.8,16.8,24.8,5.2
17/12/2014,33.9,19.6,26.75,5.9
18/12/2014,33.8,21.6,27.7,5.7
19/12/2014,32.4,21.4,26.9,6.9
20/12/2014,31.6,21.4,26.5,4
21/12/2014,28.4,21.3,24.85,4
22/12/2014,31.3,21.6,26.45,5.2
23/12/2014,29.6,21.3,25.45,4.2
24/12/2014,30.6,20,25.3,5.8
25/12/2014,32.5,21.6,27.05,4.4
26/12/2014,34.8,21,27.9,7.8
27/12/2014,34.9,20,27.45,7.2
28/12/2014,34.1,21.4,27.75,8.3
29/12/2014,33.8,21.4,27.6,8.3
30/12/2014,33.9,20.3,27.1,7.1
31/12/2014,29.7,21.1,25.4,2.7
