Data,TMAX,TMIN,ETP-Pmoith
23/9/2000,29.4,12.1,3.09476169297892
24/9/2000,29.9,11,3.06014540553394
25/9/2000,31.6,12.8,3.33285911627183
26/9/2000,30.2,15.9,3.47156689048079
27/9/2000,23.2,14.6,2.85550063781346
28/9/2000,25,14.8,3.01588277391685
29/9/2000,27,14.1,3.12384212311876
30/9/2000,28,13.9,3.19412561912598
1/10/2000,28.1,13.9,3.21109191212012
2/10/2000,26.7,14.8,3.18193807917187
3/10/2000,32,12.4,3.41382649646893
4/10/2000,30.2,17.4,3.66990587230365
5/10/2000,29,17.1,3.56379776577371
6/10/2000,29.8,15.8,3.53440084410389
7/10/2000,27.4,15.2,3.31035155971652
8/10/2000,29,11.8,3.17843279341554
9/10/2000,29.8,17,3.65478596508922
10/10/2000,30.6,16,3.64787724682246
11/10/2000,31.1,15.6,3.66424481608402
12/10/2000,31.4,13.2,3.50744605969487
13/10/2000,32,14.8,3.68863709896355
14/10/2000,31.8,13.5,3.57814372207104
15/10/2000,31.7,14.3,3.64110052028064
16/10/2000,30.5,19,3.92618948619687
17/10/2000,29.4,13.8,3.43334309776881
18/10/2000,30.4,17.4,3.80631891493271
19/10/2000,32.1,13.8,3.66193343886436
20/10/2000,31.5,14.8,3.70063425148899
21/10/2000,33.1,14.3,3.79531766381819
22/10/2000,33.1,18.9,4.17085645288752
23/10/2000,31,17.3,3.88060047358517
24/10/2000,30.6,16.1,3.75817230975498
25/10/2000,31.6,14.8,3.73993643362361
26/10/2000,31.3,17.5,3.93941063471186
27/10/2000,32,16.4,3.91292103453109
28/10/2000,28.4,16.6,3.64327520023663
29/10/2000,29.1,12.4,3.36458196001372
30/10/2000,23.5,17.4,3.32039729300931
31/10/2000,25.2,16.6,3.39787425229585
1/11/2000,26.2,16.8,3.4998117420708
2/11/2000,26.2,17.6,3.56924912694667
3/11/2000,25.6,15.1,3.32051457073584
4/11/2000,25.7,17.8,3.55296205652243
5/11/2000,21.6,16.4,3.10711796292401
6/11/2000,24.8,12,3.01215766137298
7/11/2000,25.2,12.8,3.1135261833088
8/11/2000,25.4,12.1,3.07555114334395
9/11/2000,25.4,13,3.15231634191661
10/11/2000,28.2,17,3.71388472624243
11/11/2000,28.6,15.5,3.62664404308467
12/11/2000,26.8,17.3,3.62966578770834
13/11/2000,27.6,18.4,3.78907623214558
14/11/2000,28.4,19,3.90739644443159
15/11/2000,25.6,18.6,3.64629324202765
16/11/2000,28,11.8,3.28563674095581
17/11/2000,24.3,12.5,3.04003653260926
18/11/2000,28.2,16.5,3.69505380567932
19/11/2000,28,16.5,3.68081212193403
20/11/2000,25.6,16.2,3.45954380542221
21/11/2000,27.2,15.4,3.52776750623016
22/11/2000,28.8,15.8,3.69540701495798
23/11/2000,29.2,15.6,3.71391634977752
24/11/2000,28.7,14.4,3.57476938660983
25/11/2000,28.8,14.8,3.61796384499457
26/11/2000,28.2,14.8,3.56979942200914
27/11/2000,28.1,12,3.33049155496935
28/11/2000,25,17,3.48974066703845
29/11/2000,26.2,17.2,3.60748965547456
30/11/2000,27,17.6,3.70863096812475
1/12/2000,29,17.6,3.87632565059634
2/12/2000,29.1,19,4.00246408035327
3/12/2000,29.3,18.5,3.97878986777913
4/12/2000,29.4,17.6,3.91340381097349
5/12/2000,28.8,18.4,3.93120504641649
6/12/2000,28.4,17.3,3.80732722982652
7/12/2000,27,17.4,3.69999301123177
8/12/2000,27.6,19.2,3.90096030453075
9/12/2000,24.8,19,3.65175411724501
10/12/2000,25,17.3,3.52747287727099
11/12/2000,26.6,19.2,3.82013756180476
12/12/2000,26.8,18.8,3.80419718002893
13/12/2000,26,19.4,3.78820302283203
14/12/2000,25.2,18.9,3.68035632355818
15/12/2000,26.4,17.7,3.68093806675062
16/12/2000,27.4,19.1,3.8818285150242
17/12/2000,25,17.6,3.55673371167222
18/12/2000,25.2,15,3.35676619176908
19/12/2000,27.8,14.6,3.54086310150951
20/12/2000,26.8,17,3.65814227417408
21/12/2000,24.2,17.6,3.49141055407275
23/9/2001,30.9,17.4,3.60185517520197
24/9/2001,30.1,16.8,3.50906649192034
25/9/2001,28.9,17.8,3.50550722364627
26/9/2001,29.2,17.6,3.52428048751629
27/9/2001,25.2,17.2,3.20299542442568
28/9/2001,30.1,16.2,3.50842644302387
29/9/2001,26.8,15.2,3.19224742508486
30/9/2001,28.4,15,3.30847379164838
1/10/2001,24.2,18.7,3.2799010245227
2/10/2001,30.4,14.9,3.47329626473459
3/10/2001,28.4,16.9,3.48302568220817
4/10/2001,30.4,16.3,3.60051689572648
5/10/2001,30.6,16,3.60245066995781
6/10/2001,31,15.6,3.61190963454476
7/10/2001,31.5,18.8,3.90870148952444
8/10/2001,26.1,18.5,3.47446329868463
9/10/2001,25.4,17,3.31117360939707
10/10/2001,28.1,14.3,3.31909861084276
11/10/2001,27.8,16.5,3.47593244866214
12/10/2001,27.2,17.8,3.53890297502846
13/10/2001,26.6,17.3,3.46006770607906
14/10/2001,22.6,16,3.04892599717312
15/10/2001,19.3,16.1,2.80206431343336
16/10/2001,21.8,15.5,2.95852258252815
17/10/2001,22,16,3.02007031748182
18/10/2001,21.4,15.6,2.94631380444582
19/10/2001,21.4,16.2,2.99975375384095
20/10/2001,27.2,16.2,3.46884506511063
21/10/2001,27.6,14.5,3.37094670140814
22/10/2001,28,15.6,3.49710271819031
23/10/2001,29.8,15.8,3.66367249680091
24/10/2001,31,14.3,3.64550761524413
25/10/2001,29.6,16.8,3.73993643362361
26/10/2001,29,17,3.71337887698249
27/10/2001,30,12.6,3.44401727419472
28/10/2001,29.9,14.8,3.61898669890172
29/10/2001,30.2,13.8,3.56726762025551
30/10/2001,28.2,17.6,3.71819550170725
31/10/2001,30.6,14.8,3.69051414005339
1/11/2001,27.9,17.6,3.70328916893538
2/11/2001,25.4,16.8,3.4388655971952
3/11/2001,24.5,17.2,3.40209969532394
4/11/2001,28,11.8,3.25075608849638
5/11/2001,29.1,17.4,3.8021311914728
6/11/2001,30,16,3.76519707671623
7/11/2001,27.4,17.4,3.67068350032195
8/11/2001,27.8,18.4,3.78907900859975
9/11/2001,28.8,17.6,3.80904891314924
10/11/2001,29,15.6,3.6645853714693
11/11/2001,28.4,18.4,3.84868347429394
12/11/2001,28.8,16.2,3.70374059970238
13/11/2001,30.4,17.8,3.97029292150906
14/11/2001,27,18.4,3.74252739614333
15/11/2001,27,17.2,3.64629324202765
16/11/2001,29,15.6,3.68189443835751
17/11/2001,29.2,18.8,3.96526504253382
18/11/2001,24.6,18.4,3.55452603230896
19/11/2001,26.2,18.5,3.69735509776295
20/11/2001,26,18.5,3.68300716127484
21/11/2001,23.3,17.8,3.40355034051783
22/11/2001,24.3,16.9,3.41369437256208
23/11/2001,27.4,16,3.59785646384697
24/11/2001,27.4,16.4,3.63282828616034
25/11/2001,24.8,15.8,3.36902137859586
26/11/2001,26.9,16.4,3.59470499937199
27/11/2001,28.2,16.1,3.67932109439257
28/11/2001,27.8,14.1,3.48143176068836
29/11/2001,26.4,14.2,3.37474838737943
30/11/2001,24.4,17.6,3.49243275025201
1/12/2001,23.4,18.8,3.51032065354433
2/12/2001,26.6,18.8,3.77779353946026
3/12/2001,28,15.8,3.64583674076832
4/12/2001,28,17.4,3.78018155357865
5/12/2001,29.1,16.5,3.79794385840238
6/12/2001,24.6,18.4,3.58238667139038
7/12/2001,27.4,18.5,3.82499277512473
8/12/2001,28.9,17.8,3.89262491926466
9/12/2001,28.8,13.4,3.51835670656939
10/12/2001,28.7,15.7,3.7025956442277
11/12/2001,29.2,16,3.77009209156278
12/12/2001,29.4,16.3,3.81253971770443
13/12/2001,29.6,14.6,3.68807430857215
14/12/2001,27.9,16.3,3.68870180274993
15/12/2001,27.4,18.4,3.82283363848478
16/12/2001,27.4,17.6,3.756608240346
17/12/2001,26.8,18.4,3.77381135604658
18/12/2001,28.4,17.6,3.84107574182532
19/12/2001,25.4,19,3.70788494592033
20/12/2001,26.8,17.6,3.70825381217646
21/12/2001,26.2,17.4,3.64175837697541
23/9/2002,28.1,14.8,3.19916329226014
24/9/2002,28.1,15.6,2.33438964920926
25/9/2002,27.5,14.5,3.15270456944633
26/9/2002,28,16.6,3.35860918254757
27/9/2002,28.1,15.4,3.28609200383295
28/9/2002,29,14.6,3.30383138047173
29/9/2002,29.4,13.6,3.26825331615831
30/9/2002,30.4,13.8,3.36945948366034
1/10/2002,31.6,15.1,3.57042838800023
2/10/2002,31.6,16.8,3.71098320558839
3/10/2002,31.4,14.8,3.5522248679474
4/10/2002,30.8,17.8,3.74700473516717
5/10/2002,29.8,17,3.61791183163145
6/10/2002,29.8,16.6,3.59640787645659
7/10/2002,30.8,14.3,3.50462101744637
8/10/2002,31.4,15.4,3.64584938068253
9/10/2002,31.5,16.2,3.7250703105717
10/10/2002,31.6,14.7,3.6243930585382
11/10/2002,32.2,15.8,3.76624734843753
12/10/2002,32.9,15.2,3.78269406886375
13/10/2002,33.5,13.8,3.72804561497812
14/10/2002,33.1,14.8,3.78351179441949
15/10/2002,33.3,13.8,3.72817031533083
16/10/2002,33.3,14.6,3.7992823512895
17/10/2002,29.5,11.2,3.23465426109237
18/10/2002,33.7,17.2,4.05317223368358
19/10/2002,31.6,18.9,4.02892458960022
20/10/2002,31.2,13,3.5327869096288
21/10/2002,33.1,16.3,3.9554576496333
22/10/2002,34.1,14.8,3.92220924127308
23/10/2002,33.3,18.8,4.18590651498525
24/10/2002,33.1,19.2,4.20883108779841
25/10/2002,32.5,17.4,4.02204370771159
26/10/2002,34.5,17.4,4.18966008076937
27/10/2002,32.7,16.6,3.98568196285915
28/10/2002,32.7,17.8,4.08856439137666
29/10/2002,26.7,18.7,3.68077158999092
30/10/2002,27.8,19,3.79937880960479
31/10/2002,25.4,17.4,3.47916311000628
1/11/2002,26,17.6,3.5486463245183
2/11/2002,29.2,17.6,3.81371824523069
3/11/2002,29,15.4,3.62237953171182
4/11/2002,23.6,17.6,3.36510429261434
5/11/2002,27.2,16.6,3.58136228358083
6/11/2002,26,17.5,3.56056680080774
7/11/2002,23.4,16.8,3.29378296234246
8/11/2002,25.6,17,4.19915249437894
9/11/2002,27,16.8,3.59561082749863
10/11/2002,29.9,16.4,3.80426687665983
11/11/2002,28.4,16.8,3.71710455209585
12/11/2002,28,18.7,3.84365968902447
13/11/2002,29,17.4,3.82202472112076
14/11/2002,29.5,15.3,3.69306668165686
15/11/2002,30,15.8,3.77828575757616
16/11/2002,31.2,16,3.8965340244501
17/11/2002,31,17.6,4.01483085556549
18/11/2002,29.6,17.3,3.87691327709978
19/11/2002,24.4,16.3,3.36649558118461
20/11/2002,29.2,14.2,3.59196653481636
21/11/2002,31.6,16.1,3.95010586965208
22/11/2002,29.6,18.9,4.01854798711798
23/11/2002,22.8,18.7,3.44034661865551
24/11/2002,28.2,16.9,3.74065195675414
25/11/2002,31,17.1,3.99137754459263
26/11/2002,30,16,3.81885519563768
27/11/2002,30.8,16.4,3.92017958589908
28/11/2002,30,15.1,3.74731676389129
29/11/2002,31.4,19,4.1893428257124
30/11/2002,31,16.8,3.97472108242967
1/12/2002,31.4,19.3,4.21737576148572
2/12/2002,32.7,18.3,4.24377688353466
3/12/2002,33.3,19.5,4.39498127654263
4/12/2002,32.1,19.5,4.29641780098366
5/12/2002,32.5,15.3,3.98117799192179
6/12/2002,33.7,16.2,4.15723476517163
7/12/2002,29.8,19.6,4.11665889087499
8/12/2002,27,19.4,3.86761876346638
9/12/2002,28.6,18.9,3.96023562943237
10/12/2002,24.6,18.6,3.60252549168101
11/12/2002,25.4,18.7,3.67834206278581
12/12/2002,23.3,17.4,3.39541283392933
13/12/2002,27.6,17,3.72145054665878
14/12/2002,24.2,17.4,3.47171934376464
15/12/2002,27.2,18.8,3.83952723515938
16/12/2002,26,17.6,3.63973598397968
17/12/2002,27.8,16.8,3.72371651503711
18/12/2002,26.8,17.8,3.72417343663933
19/12/2002,29,16.8,3.82480023700791
20/12/2002,27.8,19.4,3.94210765618759
21/12/2002,30.6,16.1,3.90069073864109
23/9/2003,31.5,14.1,3.38906682048643
24/9/2003,33.3,14.4,3.55711163265288
25/9/2003,34.5,13.6,3.59885070919762
26/9/2003,34.1,13.2,3.55054586035265
27/9/2003,29.8,17.1,3.5318110013785
28/9/2003,23.4,18.3,3.15011578298469
29/9/2003,25,16.6,3.15227948228495
30/9/2003,28.2,16.9,3.42786568741256
1/10/2003,29.1,16.1,3.44569159867528
2/10/2003,29.8,16.5,3.53984656026575
3/10/2003,30.2,13.4,3.34295181329864
4/10/2003,31.6,15.2,3.59835765844022
5/10/2003,32.2,16,3.71616519002177
6/10/2003,32.3,16.3,3.75706228669419
7/10/2003,30.8,19.1,3.86768864299965
8/10/2003,30.5,18.3,3.79213981488653
9/10/2003,25.3,17.4,3.32644804605009
10/10/2003,28.2,16,3.45174230036204
11/10/2003,27.8,18.4,3.61656499577678
12/10/2003,28.2,17.4,3.57793498101566
13/10/2003,26.4,17,3.41307531369411
14/10/2003,25.4,16.2,3.27878853241204
15/10/2003,27.2,15.5,3.37277564972259
16/10/2003,28.4,13.2,3.29282134007988
17/10/2003,29.4,12.8,3.34717568318198
18/10/2003,31.3,11.4,3.39360533043352
19/10/2003,32.2,12.6,3.56742860646413
20/10/2003,33.5,13.8,3.77362639778397
21/10/2003,34.4,15.8,4.01235074351506
22/10/2003,31.6,16.4,3.84335965956272
23/10/2003,29,16.2,3.62543676289454
24/10/2003,19.8,16.3,2.90040739330072
25/10/2003,29.4,12.8,3.39603579168438
26/10/2003,34.3,15.2,3.98980287638725
27/10/2003,29.2,14.4,3.51963737035731
28/10/2003,28.6,15.1,3.53294729770679
29/10/2003,29,17.5,3.76471770691119
30/10/2003,23.2,16.8,3.24297056386865
31/10/2003,28.2,16.2,3.6045388706507
1/11/2003,26.2,16.6,3.47916311000628
2/11/2003,28.2,17.8,3.74398465430829
3/11/2003,29,17.6,3.79742030401176
4/11/2003,27.4,17.2,3.63869655662944
5/11/2003,26,17.2,3.52845886992572
6/11/2003,23.1,15.6,3.16435434645156
7/11/2003,27,15.4,3.470529479408
8/11/2003,25.6,14.6,3.29378296234246
9/11/2003,29.7,14.8,3.64965402343482
10/11/2003,30.2,16,3.79263059886842
11/11/2003,29.6,16.2,3.76318408101556
12/11/2003,30,15.8,3.76644664792013
13/11/2003,29.8,17.4,3.8848123623545
14/11/2003,27.2,15.8,3.54196256483174
15/11/2003,28.4,17.6,3.79198811062981
16/11/2003,27.4,18.4,3.77828575757616
17/11/2003,28.9,17.1,3.79746960009968
18/11/2003,28.6,18.4,3.8826553541477
19/11/2003,26.6,18.6,3.73638550372942
20/11/2003,24.2,17.6,3.45748194824365
21/11/2003,28.2,16.8,3.72438926421052
22/11/2003,27.9,16.8,3.70167153822742
23/11/2003,28.9,15.8,3.7036926809108
24/11/2003,25.8,17,3.54811651273388
25/11/2003,29.9,16.3,3.83188737033351
26/11/2003,28.2,17.8,3.81711781811354
27/11/2003,29.8,16.5,3.84376077300054
28/11/2003,29.6,17.4,3.90356865545036
29/11/2003,26.8,17.2,3.65591879404029
30/11/2003,28,15.6,3.62411403176707
1/12/2003,28,17.1,3.75020754848489
2/12/2003,28.6,19,3.9595086044718
3/12/2003,28,17.6,3.79443580174863
4/12/2003,28.4,16.4,3.72907502252102
5/12/2003,29.8,17,3.89675102879913
6/12/2003,29.4,18.4,3.98117799192179
7/12/2003,29,19.6,4.04893005185052
8/12/2003,26.8,18.9,3.80832613993901
9/12/2003,27.4,18.4,3.81760645186983
10/12/2003,31,15.2,3.85185023325844
11/12/2003,30.4,16.8,3.93609266683666
12/12/2003,31.2,15.6,3.90354667887473
13/12/2003,31.6,17.8,4.121213611698
14/12/2003,31.2,16.2,3.95508421326516
15/12/2003,31,16.6,3.97244809526915
16/12/2003,32.2,15,3.93968881520702
17/12/2003,31.8,16.4,4.02374482632616
18/12/2003,30,19,4.09107868243987
19/12/2003,29.5,17.8,3.94962788235516
20/12/2003,30.9,14.2,3.76634259146412
21/12/2003,31.8,15.4,3.94210765618759
23/9/2004,32.1,14.8,3.4737644139768
24/9/2004,33.1,12.8,3.41136331272648
25/9/2004,32.7,16.2,3.64659871775106
26/9/2004,32.1,13.6,3.41928227464306
27/9/2004,31.8,11.6,3.2577947217612
28/9/2004,32.2,15.8,3.61464665386286
29/9/2004,33.7,12.6,3.49761056959691
30/9/2004,34.1,18.4,3.97823732740288
1/10/2004,32.3,17,4.90998056334481
2/10/2004,31.4,16.6,3.65914152071711
3/10/2004,32.6,15.4,3.66981932813728
4/10/2004,28.4,17,3.48096358540729
5/10/2004,32.1,17,4.9362085827321
6/10/2004,33.7,17.3,3.93204200603963
7/10/2004,33,20.1,4.10493842435106
8/10/2004,31.5,14.8,3.5886569974125
9/10/2004,32.9,17,5.11317212744947
10/10/2004,33.1,17.2,3.91850905658827
11/10/2004,23,18.4,3.23307989219431
12/10/2004,28,18.4,3.63222112129962
13/10/2004,30.2,11.6,3.27977373259769
14/10/2004,31.2,18.8,3.93211441669829
15/10/2004,33.1,16.8,3.93296989825387
16/10/2004,31.8,17.2,3.87039828656691
17/10/2004,33.5,17.1,4.0052105723087
18/10/2004,32.1,16.1,3.82307743908463
19/10/2004,30.2,18.3,3.85456343152285
20/10/2004,29.8,17,3.72668881210985
21/10/2004,29,15.8,3.57417468542752
22/10/2004,28,17.2,3.61271421527651
23/10/2004,30,16.4,3.71524767091063
24/10/2004,25.6,17.4,3.44897745142622
25/10/2004,28.4,16.4,3.59939754071668
26/10/2004,28.6,11.9,3.25922866263548
27/10/2004,26.2,16.6,3.44976895170453
28/10/2004,27.4,14.8,3.40662149149263
29/10/2004,26.8,12.2,3.15297356088249
30/10/2004,27.2,17.4,3.61089053179008
31/10/2004,29.4,17.4,3.79427555972632
1/11/2004,29.2,11.8,3.32851562379907
2/11/2004,28.6,18.6,3.83683408393216
3/11/2004,29.6,18.4,3.90676659579996
4/11/2004,30.7,17.8,3.95225074559164
5/11/2004,29.8,15.2,3.67133060646468
6/11/2004,26.4,16.8,3.52845886992572
7/11/2004,30.4,19.2,4.05560660423766
8/11/2004,29.2,18.7,3.92071608640668
9/11/2004,28.8,16.2,3.6870704802341
10/11/2004,29.2,14.4,3.57584079599457
11/11/2004,30,14.3,3.63665661320067
12/11/2004,29.2,19.1,3.96859805923693
13/11/2004,32.1,16.2,3.97203871385464
14/11/2004,28.2,17.4,3.75312380769841
15/11/2004,28.4,17.2,3.7561277431704
16/11/2004,25.2,16.8,3.46225001405331
17/11/2004,29,18.4,3.91027827312468
18/11/2004,29.4,18.8,3.97908771140879
19/11/2004,29.2,18.7,3.95700407369521
20/11/2004,27.4,17.2,3.6867874660693
21/11/2004,29,16.2,3.73871253733524
22/11/2004,27.5,15.1,3.52575517011929
23/11/2004,27,16.1,3.56917322813427
24/11/2004,27.7,16.8,3.68712134900516
25/11/2004,27.6,17.2,3.71391634977752
26/11/2004,29.1,15.2,3.67429892869642
27/11/2004,28,15.5,3.60966576278128
28/11/2004,27.8,19.2,3.9018737868472
29/11/2004,26.8,17.8,3.70423749006566
30/11/2004,24.4,14.8,3.25709128923589
1/12/2004,27.9,14.6,3.53267996215827
2/12/2004,26.2,17.5,3.63379312347649
3/12/2004,25.4,17.4,3.5602304258696
4/12/2004,28.8,17.6,3.86100485090212
5/12/2004,30.4,14.3,3.72075119434575
6/12/2004,30,14.5,3.70524403379405
7/12/2004,28.4,15.3,3.63969619763561
8/12/2004,29.1,16.2,3.7740027026508
9/12/2004,27.3,16.2,3.62499315289599
10/12/2004,28.4,16.6,3.7509233697411
11/12/2004,26.2,17.6,3.65175411724501
12/12/2004,27.9,17,3.74429154112216
13/12/2004,29,17.1,3.84516029692575
14/12/2004,26.6,16.4,3.58729120046587
15/12/2004,24.4,17,4.07190104656835
16/12/2004,25,17,4.17273959587096
17/12/2004,27.1,15.8,3.58077648670299
18/12/2004,26.6,15.8,3.53955976423712
19/12/2004,27,18.6,3.80720791671955
20/12/2004,28.2,16.8,3.7575740952639
21/12/2004,27.5,17.4,3.74964040702304
23/9/2005,29.8,12.2,3.089089859144
24/9/2005,30,13.8,3.23288447587329
25/9/2005,27.8,17.8,3.37747670100942
26/9/2005,23.6,17.3,3.03975510872577
27/9/2005,26.8,17.1,3.27373586317529
28/9/2005,25.7,17.8,3.25467787630138
29/9/2005,27.4,15.8,3.24278184285908
30/9/2005,29.4,16.2,3.43391432116972
1/10/2005,28.2,19.2,3.58070714900418
2/10/2005,31,16.1,3.56904720229858
3/10/2005,31.6,19.2,3.86109926653122
4/10/2005,31.2,15,3.52192371369022
5/10/2005,30.7,18.8,3.78450118214157
6/10/2005,32,17,3.75698712962461
7/10/2005,31.8,19,3.90590959505905
8/10/2005,31,14.2,3.4848686014312
9/10/2005,31.8,15.2,3.63337299330508
10/10/2005,32.5,13.3,3.54990260219206
11/10/2005,32.7,15.8,3.76882747995895
12/10/2005,33.1,13.8,3.65363965713698
13/10/2005,31.5,16.2,3.7250703105717
14/10/2005,32.1,13.8,3.59308080749251
15/10/2005,33.9,13.8,3.7427083025098
16/10/2005,33.9,13.8,3.75123715353017
17/10/2005,33.9,14.2,3.79109924060143
18/10/2005,32.5,13.9,3.66503021421846
19/10/2005,33.7,18.4,4.12394211101351
20/10/2005,32.3,20.2,4.1641403641482
21/10/2005,31.7,18.9,4.02146205433106
22/10/2005,32.7,14.8,3.78242988408586
23/10/2005,29.8,16.6,3.70182378133565
24/10/2005,29.6,15.8,3.62869967640605
25/10/2005,33.1,17,4.01150664466859
26/10/2005,34.3,19.2,4.29116961979774
27/10/2005,35.1,17.4,4.21804399302736
28/10/2005,33.7,19.4,4.27321091323318
29/10/2005,28.8,17.1,3.69963539446818
30/10/2005,28.6,17,3.68108862587829
31/10/2005,29.4,15.8,3.65421551158688
1/11/2005,29,18.6,3.85377554513919
2/11/2005,25,16.6,3.3726893864234
3/11/2005,28.9,16.2,3.66136718617897
4/11/2005,31.2,17.2,3.93438071318467
5/11/2005,29,14.8,3.56492451866746
6/11/2005,30.4,17.1,3.87076103949696
7/11/2005,30.3,18.3,3.96503705498186
8/11/2005,31.6,17.3,3.99401941526314
9/11/2005,31.1,17.4,3.96566371583722
10/11/2005,26,17,3.51964074562604
11/11/2005,25.2,16.8,3.44126578155183
12/11/2005,26.2,16.8,3.52663197770107
13/11/2005,25.2,17.8,3.52993757037537
14/11/2005,26.2,17.3,3.57420322105189
15/11/2005,27.2,16.8,3.61842036044729
16/11/2005,26.6,17.2,3.60497418371032
17/11/2005,28.8,18.5,3.89615882131491
18/11/2005,26.6,17.8,3.66009287199921
19/11/2005,24,17.1,3.39055774315241
20/11/2005,29.8,17,3.86351254966663
21/11/2005,31,18.5,4.089179575113
22/11/2005,28.6,17.8,3.83558157904967
23/11/2005,28.1,16.6,3.69735509776295
24/11/2005,27.5,17.4,3.71611284362338
25/11/2005,28.6,18.4,3.89213785898632
26/11/2005,23.8,19,3.54626502780721
27/11/2005,24.7,18.6,3.58956647199479
28/11/2005,24,16.6,3.36741617392945
29/11/2005,23.8,16.6,3.35242521416928
30/11/2005,22.8,16.8,3.28753621189679
1/12/2005,27.3,16.6,3.64609923349512
2/12/2005,27.7,15.6,3.59775644958964
3/12/2005,25.4,17.4,3.55761652659704
4/12/2005,24.4,17,3.44254085381984
5/12/2005,29,17.8,3.89296224137143
6/12/2005,23.8,18.4,3.51151734284632
7/12/2005,25.4,17.6,3.57924611536616
8/12/2005,27,17.8,3.73022320705558
9/12/2005,22.1,17.2,3.27322793059678
10/12/2005,27.4,17,3.69902251650542
11/12/2005,25.6,17.6,3.5999932001174
12/12/2005,22.5,16.4,3.24246486850953
13/12/2005,21.8,16.8,3.21821253254926
14/12/2005,26,16.8,3.56916877416544
15/12/2005,26.8,16.4,3.60327385742283
16/12/2005,25.9,16.3,3.52055089906186
17/12/2005,21,16.4,3.12067826109951
18/12/2005,25.8,16,3.48841030214812
19/12/2005,28.4,16.4,3.73936565511175
20/12/2005,29.2,14.3,3.6313879656678
21/12/2005,29.9,14.8,3.73206565520535
23/9/2006,30.1,17.8,3.52303343459518
24/9/2006,24.8,15,2.93764388446934
25/9/2006,28.8,13.6,3.14046079216666
26/9/2006,30.1,16.2,3.44109196904653
27/9/2006,26.3,16,3.15441974971104
28/9/2006,27.8,12,2.9778432063631
29/9/2006,29.8,15,3.36288487407608
30/9/2006,29.2,15.8,3.38873123799643
1/10/2006,30.3,17.2,3.58826138349575
2/10/2006,24.2,17,3.12196910264759
3/10/2006,25.6,16.8,3.22264978151424
4/10/2006,27.6,15.6,3.2932273686454
5/10/2006,28.4,17,3.47103744786318
6/10/2006,27.6,17,3.41962502002567
7/10/2006,28,15.8,3.36769370597611
8/10/2006,26.4,14.2,3.130213832259
9/10/2006,27.6,16.5,3.40918614903732
10/10/2006,23.3,16.6,3.0926007385909
11/10/2006,28.2,15.2,3.37251778619007
12/10/2006,29.3,16.6,3.57573689259248
13/10/2006,27.6,16,3.40488607004038
14/10/2006,25.8,16,3.27213023427423
15/10/2006,26.4,17.2,3.42100800816409
16/10/2006,25.2,14.8,3.14569153335863
17/10/2006,26.8,16.6,3.42065919006449
18/10/2006,27.6,15.5,3.4043707377762
19/10/2006,26.6,16.8,3.43529918652565
20/10/2006,27.8,16.7,3.52960468961133
21/10/2006,27.3,15,3.36181511656529
22/10/2006,26.2,16.6,3.40816840081841
23/10/2006,25.7,16.8,3.39067911005959
24/10/2006,22.3,16.9,3.13315038139025
25/10/2006,19.9,16.2,2.8905267439628
26/10/2006,25.6,15,3.25647638436988
27/10/2006,29.6,16.4,3.69580997484302
28/10/2006,30.6,16.1,3.75817230975498
29/10/2006,30.8,15.1,3.69963539446818
30/10/2006,31,14,3.632653249222
31/10/2006,28.2,15.4,3.52486275011478
1/11/2006,27,17.4,3.59469819756681
2/11/2006,27.2,17.4,3.61591217871354
3/11/2006,25.6,17.2,3.47464557801463
4/11/2006,28,16.6,3.62548305388505
5/11/2006,27,17,3.58120271281663
6/11/2006,27.6,18.1,3.72407956852655
7/11/2006,29.5,17.1,3.80186680580565
8/11/2006,25.6,17.2,3.49578795446344
9/11/2006,26,17.3,3.54047915248973
10/11/2006,26.4,17.8,3.61786327806211
11/11/2006,24.8,12.4,3.04797826366019
12/11/2006,24.4,14.4,3.18217024964654
13/11/2006,24.9,15.1,3.28366285616313
14/11/2006,26.2,14.7,3.36057268370167
15/11/2006,28,12,3.28947305495208
16/11/2006,29.6,13.2,3.52266883705027
17/11/2006,29.8,12.9,3.51725119810035
18/11/2006,30.4,13.9,3.6518494195848
19/11/2006,31,13.4,3.66279230647122
20/11/2006,28.8,16.4,3.73142665053272
21/11/2006,27.4,16,3.58526047595766
22/11/2006,28.3,13.9,3.4883953154288
23/11/2006,29.2,13.6,3.54019682738823
24/11/2006,29,15.4,3.67473074068771
25/11/2006,26.6,15.9,3.51948636184934
26/11/2006,28.2,15,3.57940769161849
27/11/2006,28.2,16.6,3.71391634977752
28/11/2006,27,16.6,3.61624002914591
29/11/2006,27.6,17.4,3.73413699598064
30/11/2006,26,18.4,3.68602544970246
1/12/2006,27.2,16.8,3.65440469871948
2/12/2006,28.4,16.9,3.76393457659148
3/12/2006,25.8,16.7,3.53267996215827
4/12/2006,29,15.9,3.73357691634084
5/12/2006,28.6,16.4,3.74323292439561
6/12/2006,27.6,16.6,3.67793996573003
7/12/2006,26.2,15.6,3.47936017726292
8/12/2006,27.4,15.6,3.58034816748638
9/12/2006,28.2,17,3.76462856139885
10/12/2006,27.6,18,3.79899609803259
11/12/2006,24.5,18.2,3.55832661215308
12/12/2006,23,17.8,3.40083718856527
13/12/2006,25.2,18.3,3.62674210274333
14/12/2006,26.2,17.7,3.66089974733325
15/12/2006,25.8,15.8,3.46981927011087
16/12/2006,27.2,17,3.6874016525719
17/12/2006,27.4,17.4,3.73813866570209
18/12/2006,28.4,17.7,3.84726590739302
19/12/2006,26,16.2,3.52234889834187
20/12/2006,26.9,16.8,3.64808400229156
21/12/2006,27.8,15.8,3.64022511335466
23/9/2007,34.4,12.4,3.44212870018903
24/9/2007,35.2,14.7,3.68312637776432
25/9/2007,33.5,16.2,3.68115333421422
26/9/2007,29.8,16,3.40393114864646
27/9/2007,28.8,14.1,3.19916329226014
28/9/2007,29.9,12.3,3.15741164091766
29/9/2007,31.2,14.2,3.40792351078246
30/9/2007,31,16.3,3.56193305682736
1/10/2007,29.9,15.4,3.42206822468121
2/10/2007,28.2,13,3.12196910264759
3/10/2007,30.4,12,3.22264978151424
4/10/2007,31,11.7,3.25511131113793
5/10/2007,31.4,13.1,3.4022283354606
6/10/2007,31.6,13,3.41962502002567
7/10/2007,31.2,13.2,3.41382649646893
8/10/2007,31.5,15.2,3.60051689572648
9/10/2007,29.9,14,3.39372498736369
10/10/2007,30,13.2,3.34837974704579
11/10/2007,32.1,12.8,3.48907946082798
12/10/2007,32.9,11.4,3.45109246932128
13/10/2007,26.2,16.2,3.31117360939707
14/10/2007,32,16.4,3.78878237652805
15/10/2007,33,15,3.76624734843753
16/10/2007,33.8,13.5,3.71978023819658
17/10/2007,34.9,13,3.7753358341956
18/10/2007,32.7,16.3,3.87039828656691
19/10/2007,29.2,15.6,3.5461152893168
20/10/2007,32.3,12.8,3.57719486520159
21/10/2007,30,17,3.73535012951699
22/10/2007,30.6,15.1,3.63909569900471
23/10/2007,26.6,16.2,3.41461331554236
24/10/2007,31.2,14.2,3.62869967640605
25/10/2007,30.4,15.5,3.67521267445685
26/10/2007,30.6,15.2,3.67356202965863
27/10/2007,30.6,14.8,3.64760375777985
28/10/2007,33.1,15.1,3.87888448244519
29/10/2007,34.3,16.6,4.10264578602245
30/10/2007,32.3,15.8,3.88290269527951
31/10/2007,32.6,16.8,3.99376651045115
1/11/2007,31.4,15.1,3.76471770691119
2/11/2007,26,15.8,3.38890423924274
3/11/2007,29.7,14.6,3.59642053986094
4/11/2007,28.2,14.6,3.47916311000628
5/11/2007,30,15.8,3.72770646015913
6/11/2007,22.7,17.1,3.24329030256798
7/11/2007,30.4,15.4,3.73659870613517
8/11/2007,32.3,17.8,4.09203216164997
9/11/2007,28.8,14.8,3.56500903114439
10/11/2007,28,15.4,3.5523815897714
11/11/2007,28.2,15.6,3.58874860076119
12/11/2007,31.4,15.6,3.85469076632442
13/11/2007,25,15.8,3.3493361132864
14/11/2007,29.8,15,3.68101848972701
15/11/2007,28.4,15.2,3.58552562989777
16/11/2007,31,15.2,3.80250701569445
17/11/2007,30.2,15.6,3.77260198765799
18/11/2007,29.6,17,3.84144882511629
19/11/2007,30,17.4,3.91027827312468
20/11/2007,29.6,15.4,3.71491591314099
21/11/2007,29.6,16.8,3.83308954111603
22/11/2007,28.4,15.4,3.62065674918913
23/11/2007,28,14.6,3.52365385155932
24/11/2007,29.6,15,3.69128358186198
25/11/2007,27.8,15.6,3.59401666127673
26/11/2007,24.8,16.6,3.43026570446772
27/11/2007,29,15.5,3.68904637422097
28/11/2007,30.1,15.9,3.81529911331908
29/11/2007,27.9,17.6,3.77562740704709
30/11/2007,25.8,15.8,3.45357339431582
1/12/2007,27.7,16.9,3.70423749006566
2/12/2007,29.2,16.9,3.83040582739221
3/12/2007,28.4,15,3.60748965547456
4/12/2007,26.2,17,3.59221654311635
5/12/2007,28.4,15.7,3.6683682659077
6/12/2007,30.5,14.8,3.76947240831608
7/12/2007,29.7,14.2,3.65416056894359
8/12/2007,28.2,17.2,3.78018155357865
9/12/2007,28.9,16.2,3.75629973714796
10/12/2007,26.3,17,3.60738006677217
11/12/2007,23.5,14.2,3.14166073250986
12/12/2007,29.4,10.6,3.33415410643654
13/12/2007,31.6,14.7,3.86018757142566
14/12/2007,25.2,15.3,3.37736764845095
15/12/2007,29.6,16.8,3.87018303204675
16/12/2007,28.2,16.6,3.73745687862491
17/12/2007,28.3,16.6,3.74648272522375
18/12/2007,28.4,17.4,3.8222294698178
19/12/2007,26.2,16.2,3.53904249501647
20/12/2007,27.1,16.4,3.6313879656678
21/12/2007,23.7,16.3,3.33965606729785
23/9/2008,30.7,11.9,3.13321971427463
24/9/2008,31.2,9.3,2.98931098796503
25/9/2008,31.4,12.4,3.24415525228537
26/9/2008,29.9,16.8,3.47082062536659
27/9/2008,26.4,15.5,3.12459072134498
28/9/2008,30.6,13.2,3.2771239306207
29/9/2008,32.4,15.4,3.58807805760796
30/9/2008,33.1,13.2,3.48662791820522
1/10/2008,31.2,15.6,3.53538174205476
2/10/2008,31.5,15.1,3.53115922775189
3/10/2008,30.2,14.2,3.37466156366114
4/10/2008,31.7,17.7,3.76586648173802
5/10/2008,33.3,16.8,3.83037392374329
6/10/2008,33.1,18,3.91800086375138
7/10/2008,31.8,17.7,3.80595521565793
8/10/2008,30.8,16.3,3.63135644087189
9/10/2008,28.6,15.1,3.37826382569005
10/10/2008,28.4,15.9,3.43363941653075
11/10/2008,28.6,13.6,3.27926844647975
12/10/2008,29.4,18.2,3.70817159231813
13/10/2008,31.2,13.5,3.49078915896342
14/10/2008,32,18.9,3.98448394556359
15/10/2008,32.8,20.9,4.21348922106449
16/10/2008,34.3,14,3.79842252653054
17/10/2008,34.5,21.9,4.44528060644325
18/10/2008,29.4,15.4,3.53864986200403
19/10/2008,26.7,17.4,3.49070723792122
20/10/2008,27.4,18.4,3.63271673672357
21/10/2008,27.8,18.2,3.65587459484641
22/10/2008,30.4,17.7,3.83020794577957
23/10/2008,30.2,17.2,3.78160446627822
24/10/2008,31.6,18,3.96439436012643
25/10/2008,31.8,13.4,3.61916367942156
26/10/2008,34.1,13.8,3.84200046333293
27/10/2008,34.9,15,4.00915038575362
28/10/2008,35,21.8,4.57096760586902
29/10/2008,34.3,18.4,4.24772952698198
30/10/2008,29.3,19,3.89904782083161
31/10/2008,33.3,17.1,4.07461198637122
1/11/2008,34.2,19.5,4.34764173894905
2/11/2008,31.6,18.6,4.06992805765516
3/11/2008,33,19.8,4.28647865699002
4/11/2008,33.6,19.8,4.34082500173681
5/11/2008,33.3,17.3,4.11838311973912
6/11/2008,32.1,15.1,3.84631412766856
7/11/2008,32.7,17.3,4.0792562294052
8/11/2008,31.2,17,3.93684531320416
9/11/2008,31.5,14.4,3.75307143416348
10/11/2008,28.6,16.2,3.66697454428015
11/11/2008,22.9,17.3,3.29378296234246
12/11/2008,28,14.1,3.45281875026081
13/11/2008,27.8,17.7,3.73516649888557
14/11/2008,28.8,18.1,3.85356623143296
15/11/2008,30.8,18.5,4.05427554022844
16/11/2008,31.8,15.2,3.86835129302249
17/11/2008,26.5,18.1,3.67375652073245
18/11/2008,25,18.2,3.56117144302626
19/11/2008,27,16.5,3.58854651647518
20/11/2008,28.9,15.1,3.6323622261823
21/11/2008,24.8,16.3,3.39525819266958
22/11/2008,21.7,17.5,3.24040512712817
23/11/2008,25.2,16.9,3.48229641198703
24/11/2008,26.3,16.6,3.55058443188069
25/11/2008,28,13.6,3.44495606242194
26/11/2008,27.4,13.5,3.38883737470362
27/11/2008,24.4,16.2,3.36573669198587
28/11/2008,24.9,16.6,3.44206333049439
29/11/2008,25.4,16.2,3.45200220072876
30/11/2008,27.8,16.1,3.6445161540977
1/12/2008,28.9,18.3,3.92017958589908
2/12/2008,27.6,18.5,3.83040582739221
3/12/2008,26.4,18,3.69061153693711
4/12/2008,26.9,17,3.65042375562055
5/12/2008,27.8,15.3,3.58518531203224
6/12/2008,29.2,16.6,3.811078064037
7/12/2008,26.1,18.1,3.6791320534694
8/12/2008,27.8,15,3.56369538531203
9/12/2008,30,15.4,3.78128620990061
10/12/2008,30.2,15.5,3.80732722982652
11/12/2008,26.2,17.8,3.66665974086031
12/12/2008,29.6,14.3,3.6592341318141
13/12/2008,29.6,17.8,3.95189829126515
14/12/2008,26.2,19.1,3.77764825863773
15/12/2008,28.5,18.3,3.90354667887473
16/12/2008,21,18,3.25358969344579
17/12/2008,22,17.8,3.32093568961927
18/12/2008,24,17.6,3.47171934376464
19/12/2008,24.8,17,3.48896170499266
20/12/2008,23.2,17.4,3.38929543462328
21/12/2008,23.2,15,3.18937154426945
23/9/2009,23.8,17.4,3.01939952457719
24/9/2009,28.2,16.4,3.28031923137672
25/9/2009,30,16.1,3.40264781593057
26/9/2009,29.5,17.6,3.48857790827947
27/9/2009,30,15.3,3.36677032824639
28/9/2009,31.6,15.5,3.51236809010379
29/9/2009,32,15.9,3.58388667298474
30/9/2009,30.9,18.6,3.71568752827603
1/10/2009,31.8,16.3,3.62217716772507
2/10/2009,30.3,16.3,3.52027327307162
3/10/2009,27.6,16.3,3.32656416519974
4/10/2009,30.5,17.6,3.6558833606329
5/10/2009,28.1,17.2,3.45331481017677
6/10/2009,28.5,16.7,3.45574653399594
7/10/2009,29.9,17.5,3.63430999886136
8/10/2009,27.6,17.5,3.46764808537723
9/10/2009,27.4,17,3.42318951114038
10/10/2009,28.3,16.4,3.45556963405824
11/10/2009,29.2,16,3.50339732792754
12/10/2009,26.7,15.5,3.27926844647975
13/10/2009,30.8,15.4,3.59910772195583
14/10/2009,26.4,16.4,3.34241109627817
15/10/2009,30.2,15,3.53828436816256
16/10/2009,27.6,17,3.49947149458988
17/10/2009,30.1,15.6,3.59395257686223
18/10/2009,28.5,17.1,3.59405666052859
19/10/2009,30.3,15.3,3.60184003811125
20/10/2009,28,17.2,3.57777703297141
21/10/2009,29.1,16.9,3.64858012858699
22/10/2009,28.2,16.9,3.5843466136429
23/10/2009,28.7,16.7,3.61520666815785
24/10/2009,28.9,17.4,3.69384571284139
25/10/2009,29.3,17.7,3.75658336544239
26/10/2009,28.7,17.4,3.69122667303836
27/10/2009,27.3,18,3.63345764068855
28/10/2009,26,18.5,3.5752944321851
29/10/2009,25.4,18,3.49260552983654
30/10/2009,28.6,15.5,3.55455165350864
31/10/2009,25.5,16,3.35011355206029
1/11/2009,27.8,15,3.46018636937873
2/11/2009,27.4,15.8,3.49754419222717
3/11/2009,29.2,16,3.66455673717157
4/11/2009,27.8,17.5,3.67760384775848
5/11/2009,24.9,18,3.48729199577732
6/11/2009,25.9,16.7,3.46725535377246
7/11/2009,26.6,16,3.47146147963307
8/11/2009,27.3,16,3.53263589466491
9/11/2009,27.7,17.2,3.66731026064039
10/11/2009,29.6,17.6,3.85936757500035
11/11/2009,21.8,16.6,3.14312103795442
12/11/2009,27.9,15.1,3.52320068111259
13/11/2009,29.8,16.2,3.77267606916858
14/11/2009,30.5,17.7,3.95681374167658
15/11/2009,31.2,16.2,3.89464902707724
16/11/2009,31.3,16.4,3.92269661803036
17/11/2009,31.2,17.1,3.97534824368056
18/11/2009,30,17,3.29484889751789
19/11/2009,28.9,18.7,3.92388334926041
20/11/2009,28.3,17.3,3.7617866931326
21/11/2009,29,16.8,3.78095886270794
22/11/2009,30.1,17,3.89091632298631
23/11/2009,29.3,18.9,3.98437569203005
24/11/2009,29,16.4,3.75525551316416
25/11/2009,28.8,15.3,3.64990147892631
26/11/2009,27.4,17.7,3.73479611575071
27/11/2009,28.2,17.6,3.79483500639183
28/11/2009,29.7,17.5,3.91287615422988
29/11/2009,29.1,17.6,3.87335801286959
30/11/2009,28.3,17.8,3.82541590032683
1/12/2009,27.2,17.5,3.71093102706531
2/12/2009,24.7,17,3.46337899855915
3/12/2009,27,17.1,3.66422770039038
4/12/2009,25.5,18.5,3.65736278435209
5/12/2009,24.8,13.3,3.16813542344289
6/12/2009,22.2,17.3,3.28572667808059
7/12/2009,25.6,17.3,3.56976526085562
8/12/2009,27.2,18,3.7623703352221
9/12/2009,26.4,17.8,3.68026486053252
10/12/2009,26.1,17.5,3.63136737338473
11/12/2009,29.6,17.5,3.92396307494156
12/12/2009,30.7,14.4,3.75832623438182
13/12/2009,29.5,16.6,3.84261260766811
14/12/2009,26.4,17.8,3.68510346991392
15/12/2009,26.8,16.4,3.60252549168101
16/12/2009,29,18.7,3.97861488423771
17/12/2009,29.6,16.8,3.87093748143294
18/12/2009,28.8,17.1,3.82992332044031
19/12/2009,25.1,15.9,3.42164646861419
20/12/2009,27.6,17.4,3.75605925178635
21/12/2009,27.1,15.5,3.55625580086088
23/9/2010,32.1,20,3.81822124345805
24/9/2010,32.9,12.4,3.33180406236245
25/9/2010,32.1,14.4,3.43217187507096
26/9/2010,32.5,15.8,3.57745887409551
27/9/2010,32.7,15.4,3.57487092248679
28/9/2010,32.2,16.4,3.62422694647652
29/9/2010,30.2,17.4,3.56144061866542
30/9/2010,30.5,16.6,3.53553298145052
1/10/2010,33,19.9,3.98364183311136
2/10/2010,22.4,17.5,3.01413956213643
3/10/2010,29.7,16.3,3.48569365829586
4/10/2010,32.7,15.8,3.68628571706228
5/10/2010,30,17,3.04928460059759
6/10/2010,34,17.7,3.9527012346812
7/10/2010,31.6,17.7,3.77998909164272
8/10/2010,33.9,18.7,4.04430796653752
9/10/2010,32.3,17.8,3.86265302946246
10/10/2010,34.1,16.2,3.88848216092012
11/10/2010,33.5,17,5.1930889595386
12/10/2010,30,17,3.10831132367749
13/10/2010,31.7,16.6,3.76270352749928
14/10/2010,31.2,16.1,3.6938328236906
15/10/2010,28.4,18.2,3.64787724682246
16/10/2010,31,17.8,3.82901813757816
17/10/2010,29.5,18,3.73550869586337
18/10/2010,28.1,18.5,3.67287369255772
19/10/2010,22,18.6,3.20690143744115
20/10/2010,27.8,17.3,3.56986159705776
21/10/2010,30,17,3.17267837268434
22/10/2010,30,17.1,3.74329768298405
23/10/2010,28.6,15.8,3.53557656533499
24/10/2010,25.5,17.2,3.4066352470481
25/10/2010,26.5,18.2,3.57275056245265
26/10/2010,27.5,16.3,3.50706568935098
27/10/2010,28.9,17.8,3.74574992980476
28/10/2010,30.6,13.8,3.56726006267457
29/10/2010,31.7,14.8,3.74207735339629
30/10/2010,31,12.8,3.53037103001539
31/10/2010,25.7,18.3,3.55192762146151
1/11/2010,27.5,17.8,3.66230005917889
2/11/2010,23,17.2,3.25465917887806
3/11/2010,26,15.9,3.39701166565241
4/11/2010,25.2,15.5,3.30416063142981
5/11/2010,27.6,16.9,3.61735416811401
6/11/2010,25.5,18.1,3.5486463245183
7/11/2010,22.5,17.5,3.25958824378692
8/11/2010,21.6,17.7,3.20629539631249
9/11/2010,27,16,3.51212341219458
10/11/2010,23.9,17.2,3.36059337568886
11/11/2010,26.9,14.8,3.41323300215362
12/11/2010,28.2,17.8,3.76900537979486
13/11/2010,27.3,17.1,3.64145255371924
14/11/2010,24.8,16.2,3.36575442756721
15/11/2010,26.5,13.3,3.27019053328426
16/11/2010,23.3,16.1,3.2401309591278
17/11/2010,26.1,15.9,3.45682455972222
18/11/2010,28.7,13.9,3.50901407585656
19/11/2010,29.6,14.9,3.66833632441362
20/11/2010,29.4,16.8,3.81128388646329
21/11/2010,29.1,17,3.80572496879554
22/11/2010,26.5,12.7,3.23829978473595
23/11/2010,28.4,16.3,3.69505380567932
24/11/2010,28.9,16.1,3.72216956150632
25/11/2010,28.2,18.4,3.85681199360467
26/11/2010,29.2,18.4,3.94182472527126
27/11/2010,30.9,17.3,3.99369098925952
28/11/2010,29.8,16.5,3.83826622756025
29/11/2010,26.7,17.7,3.68259305720363
30/11/2010,29.5,16,3.77562740704709
1/12/2010,27,17.7,3.71093102706531
2/12/2010,26.1,17.8,3.64609923349512
3/12/2010,29.6,14.1,3.63099207499001
4/12/2010,29.5,18.4,3.98153812205603
5/12/2010,29.7,17.3,3.90819855385344
6/12/2010,28.5,18.3,3.89296224137143
7/12/2010,26.4,17.3,3.63633431000911
8/12/2010,28.8,18.6,3.94549455507805
9/12/2010,30.1,18.8,4.07160524162987
10/12/2010,29.6,19.8,4.11443917993591
11/12/2010,26.7,18.2,3.74067817547507
12/12/2010,29.7,16,3.80832613993901
13/12/2010,28.2,16.9,3.75925875500719
14/12/2010,26.5,16.9,3.61840476457611
15/12/2010,25.6,18.5,3.67757810609103
16/12/2010,23.3,17,3.36138741791991
17/12/2010,30,17,3.33701507020081
18/12/2010,27.8,17,3.73813866570209
19/12/2010,28.9,14.9,3.65531988598296
20/12/2010,26.3,12.6,3.24690455321087
21/12/2010,27.9,13.7,3.47277561774208
23/9/2011,33.5,17.5,3.62532481933632
24/9/2011,34.1,15.3,3.52558777296006
25/9/2011,32.7,19.6,3.74726594795627
26/9/2011,25.3,15.5,2.93468250030006
27/9/2011,28.8,12.8,3.00373634093967
28/9/2011,30.3,14.1,3.21808775155264
29/9/2011,32.1,15.9,3.49205481185632
30/9/2011,32.1,17,4.68789409862581
1/10/2011,32.6,16.2,3.57637613590697
2/10/2011,30.4,18.3,3.58187324143602
3/10/2011,24.5,16.5,3.02621606189053
4/10/2011,24.4,17,3.06639332065329
5/10/2011,23,16.6,2.94313697568559
6/10/2011,23.9,16.3,2.99781735078922
7/10/2011,29.3,14.1,3.24719585819494
8/10/2011,30,15.8,3.43794926858671
9/10/2011,30.2,16,3.479097404343
10/10/2011,30.3,17.3,3.59581561798732
11/10/2011,28.8,18.1,3.55389201247991
12/10/2011,27.9,18.7,3.54187452402273
13/10/2011,28.5,17.1,3.47618444468125
14/10/2011,27,17.8,3.42516470626146
15/10/2011,29.8,17.8,3.64964464020677
16/10/2011,24.8,18.3,3.31387211706781
17/10/2011,29,15.3,3.41547962485403
18/10/2011,22.1,17.6,3.06904059221727
19/10/2011,20.6,16.5,2.87557612535645
20/10/2011,21.3,14.2,2.75862629976377
21/10/2011,19.2,14.6,2.63311344160405
22/10/2011,18.2,13.3,2.45995209188697
23/10/2011,25,14.3,3.07642866523869
24/10/2011,25,15.8,3.2013102461719
25/10/2011,30.5,17,3.73550869586337
26/10/2011,29,17.1,3.63346517654316
27/10/2011,26.8,17.5,3.49915600193702
28/10/2011,31.2,17.6,3.86273272586294
29/10/2011,32.3,17.4,3.94205287806029
30/10/2011,26.2,17.3,3.45718575816998
31/10/2011,26.7,16,3.40020539053613
1/11/2011,27.2,18.1,3.61406502789881
2/11/2011,23.9,16.2,3.20508495647318
3/11/2011,26.2,16.2,3.3949676992804
4/11/2011,27.8,16.2,3.52918622936637
5/11/2011,26.5,17.6,3.54315695414298
6/11/2011,27.4,15,3.41213074804307
7/11/2011,24.6,15.2,3.20796271677197
8/11/2011,18,14.1,2.59129265111169
9/11/2011,23.1,15.3,3.10446627533045
10/11/2011,26.5,16.1,3.44896718955734
11/11/2011,28.4,15.5,3.55916019384584
12/11/2011,29.7,16.7,3.76690548644577
13/11/2011,29.8,16.6,3.77180299776382
14/11/2011,27.2,17.6,3.6463154894133
15/11/2011,22.6,17.4,3.25958824378692
16/11/2011,27.8,17.8,3.72028168121755
17/11/2011,30,15.9,3.74898754929608
18/11/2011,32,16.1,3.93295721096434
19/11/2011,29.9,16.1,3.76519707671623
20/11/2011,28.4,18.1,3.80997282957524
21/11/2011,27.2,17.6,3.67425843258157
22/11/2011,27.9,18.5,3.80904891314924
23/11/2011,24.6,18.2,3.51668730714991
24/11/2011,28,18.3,3.80756506110703
25/11/2011,27.2,17.2,3.65435739170635
26/11/2011,25.1,18.4,3.58314817605071
27/11/2011,23,17,3.29738096576505
28/11/2011,25.3,17.5,3.5307997909227
29/11/2011,26.6,17.6,3.64887296357404
30/11/2011,26.9,17.1,3.63482628898933
1/12/2011,23.8,17.5,3.41399825893861
2/12/2011,26.5,16.2,3.53192533947378
3/12/2011,27.3,15.8,3.56713727305496
4/12/2011,25.3,17,3.50292407308769
5/12/2011,26.8,17.7,3.68712134900516
6/12/2011,26.7,17.6,3.67246639051661
7/12/2011,28.5,18,3.85676975585516
8/12/2011,29.1,16.9,3.81711781811354
9/12/2011,29.7,17.6,3.92677936421005
10/12/2011,27.5,19,3.86204132932855
11/12/2011,22,19,3.40665160353754
12/12/2011,27.6,17.5,3.7487968539609
13/12/2011,27.8,18.6,3.85830665742127
14/12/2011,26.3,17.3,3.62677678896997
15/12/2011,26.6,17.8,3.69458222801841
16/12/2011,23.6,18.7,3.52097931813927
17/12/2011,27.7,18.5,3.84679268227607
18/12/2011,27.1,17.8,3.7396420886462
19/12/2011,23.8,18.2,3.49907535345107
20/12/2011,25.4,17.1,3.54165997696735
21/12/2011,30,17,3.33415410643654
23/9/2012,29.6,16.5,2.99139803469373
24/9/2012,26.2,17.7,2.86160637810682
25/9/2012,30.1,17.8,3.13653642285027
26/9/2012,27.2,15.3,2.79556440536839
27/9/2012,28.1,14.9,2.84125397475488
28/9/2012,27.5,14.8,2.80761317421406
29/9/2012,27.7,15.6,2.88691102034722
30/9/2012,29.4,12.7,2.81947684586046
1/10/2012,30.1,12.5,2.86568448929884
2/10/2012,30,13,2.9054276124344
3/10/2012,33.4,13.8,3.20328839108235
4/10/2012,32.5,15.9,3.29913878861702
5/10/2012,30.9,13.6,3.04652206568079
6/10/2012,29.8,17.1,3.22472995113353
7/10/2012,29.8,15.8,3.14882015108436
8/10/2012,30.1,15,3.12757413830584
9/10/2012,28.8,15.6,3.09205292394278
10/10/2012,27.4,13.1,2.83227852843141
11/10/2012,29.6,13.9,3.05471438897874
12/10/2012,29.4,17.7,3.32112674874669
13/10/2012,28.6,18,3.29925431022765
14/10/2012,30.2,16.6,3.32676865774392
15/10/2012,27.7,17.8,3.24725189614742
16/10/2012,27.6,16.3,3.1454106140589
17/10/2012,26.2,16.6,3.07853948560889
18/10/2012,29.2,14.5,3.15536726199672
19/10/2012,30.8,14.8,3.3050630961892
20/10/2012,29.7,18,3.47022946928222
21/10/2012,23.4,17.8,3.00843048073806
22/10/2012,30.1,16.1,3.3858315057152
23/10/2012,29.6,18.4,3.53038841045028
24/10/2012,29.4,19.2,3.58717318555804
25/10/2012,32.5,19.4,3.84410177154362
26/10/2012,31.6,17.2,3.62689607104689
27/10/2012,32.2,15,3.5198253471953
28/10/2012,33.3,15.8,3.67367089026201
29/10/2012,34.3,14.9,3.69316820992284
30/10/2012,34.9,16,3.83303155586708
31/10/2012,34.2,16.9,3.86021382519227
1/11/2012,26.9,16.8,3.31140897538106
2/11/2012,28.4,17,3.45066745473459
3/11/2012,28,17.6,3.47618444468125
4/11/2012,26.8,19.1,3.50926473253128
5/11/2012,27.6,18.4,3.52696750944351
6/11/2012,25.5,16.7,3.24467293132858
7/11/2012,25.8,18.5,3.41547962485403
8/11/2012,25.7,17.7,3.35507208317959
9/11/2012,24.4,17.5,3.24761831947265
10/11/2012,23,17.3,3.13162365860507
11/11/2012,26.9,17.7,3.47446329868463
12/11/2012,27,17,4.2170607289491
13/11/2012,28.1,18.2,3.6243930585382
14/11/2012,26.9,17.1,3.45239340273441
15/11/2012,27.4,16.2,3.42880377136091
16/11/2012,27.4,17.1,3.50735792529654
17/11/2012,28.4,18.2,3.68082775824526
18/11/2012,28.3,18.1,3.67276226393526
19/11/2012,27.6,17.2,3.55339977740646
20/11/2012,28,17,4.45062994155216
21/11/2012,25,18.4,3.45594646251213
22/11/2012,26,16.7,3.4066352470481
23/11/2012,27,16.7,3.49282325680494
24/11/2012,28.4,19.7,3.85136665885348
25/11/2012,28.3,19.9,3.86606309671497
26/11/2012,25,19.5,3.5752944321851
27/11/2012,25.6,18.8,3.57308031163001
28/11/2012,23.9,19.6,3.50619040652213
29/11/2012,29.3,17.5,3.77795937919088
30/11/2012,28.6,17.6,3.73506098750695
1/12/2012,26.6,19.1,3.69994837001809
2/12/2012,24.6,18.3,3.47808592974913
3/12/2012,26.8,15.9,3.46652724722488
4/12/2012,27.3,17,3.60109639657192
5/12/2012,30,17,3.2556388298333
6/12/2012,30.2,15.6,3.73222853913602
7/12/2012,30.6,14.4,3.67133060646468
8/12/2012,30.6,15.2,3.74081982043051
10/12/2012,29.6,17.5,3.85119094878213
11/12/2012,27,19.6,3.81430834293426
12/12/2012,28.9,16.3,3.70345746014625
13/12/2012,30,17,3.28058788623355
14/12/2012,26.1,18.5,3.66128408462189
15/12/2012,27.7,17.6,3.72210128537128
16/12/2012,27.6,15.8,3.56907826462301
17/12/2012,30,17,3.29221386640212
18/12/2012,30.3,16.6,3.86321033233973
19/12/2012,32,17.8,4.10523930237749
20/12/2012,31.3,19.3,4.1742633042217
21/12/2012,30,17,3.30214747834754
23/9/2013,34.6,18.5,3.2083459144845
24/9/2013,31,18.5,3.00364856477411
25/9/2013,30,17,3.01663523786019
26/9/2013,32.1,15.3,2.9012474387556
27/9/2013,32.9,18.8,3.17833498133993
28/9/2013,30.2,19.3,3.05653674182666
29/9/2013,30.4,17.2,2.95228318794877
30/9/2013,29.8,15.7,2.8346483470118
1/10/2013,23.6,18.2,2.61583089805153
2/10/2013,28.6,17.9,2.92307232027051
3/10/2013,26.6,17.8,2.80368504927132
4/10/2013,29,17.8,2.96863624707535
5/10/2013,28.2,17.1,2.88654453116867
6/10/2013,28,16.5,2.84847154178289
7/10/2013,26.9,16.6,2.79714311123334
8/10/2013,26.2,17.4,2.81634652825838
9/10/2013,23.6,15.7,2.55015060224433
10/10/2013,25.9,14.3,2.62042315261718
11/10/2013,30,17,2.63233328180754
12/10/2013,27.3,14.1,2.72320862075886
13/10/2013,29.3,14.5,2.89411451382008
14/10/2013,30.2,13.8,2.92044869185387
15/10/2013,31.4,15.1,3.10026241215118
16/10/2013,31.4,17.6,3.28157637641716
17/10/2013,24.3,18.4,2.87241144819391
18/10/2013,25,15.6,2.74326421081015
19/10/2013,26.3,16.8,2.9250366452468
20/10/2013,28.1,16.9,3.06738110511913
21/10/2013,30.6,15.8,3.17659828870986
22/10/2013,30,16.8,3.21785419430808
23/10/2013,29.9,16.2,3.1833466878287
24/10/2013,30.5,15.4,3.18305217180128
25/10/2013,31,14.6,3.17562192188718
26/10/2013,31.1,16.1,3.30082830967808
27/10/2013,33,15.8,3.42689798119914
28/10/2013,31.2,18.7,3.51856103529639
29/10/2013,22.8,19.1,2.96649690125619
30/10/2013,27.5,15,3.0211040161136
31/10/2013,26.2,15,2.9403687499181
1/11/2013,30,17,2.9519571138776
2/11/2013,28.2,17.8,3.30871066210301
3/11/2013,29.4,15,3.20591090234907
4/11/2013,29.1,14.7,3.17460007923436
5/11/2013,22.6,17.2,2.8954954481642
6/11/2013,22.9,17.2,2.92810830770865
7/11/2013,25.2,17,3.0926859208048
8/11/2013,25.9,17.8,3.21412444868078
9/11/2013,29.9,16.8,3.44693390464116
10/11/2013,29.9,18.8,3.60708586270085
11/11/2013,31,16.7,3.54514226616673
12/11/2013,28.7,17.4,3.43779551918863
13/11/2013,25.1,16.7,3.1274835684919
14/11/2013,24.8,17.9,3.20524964560377
15/11/2013,28.2,17.8,3.46403637661857
16/11/2013,28.5,18.6,3.55804444552947
17/11/2013,29.5,16.9,3.51600403793321
18/11/2013,27,17,3.34425920723176
19/11/2013,29,14.8,3.33896663765436
20/11/2013,30.4,15.9,3.53984656026575
21/11/2013,30.4,15.2,3.4962982267527
22/11/2013,29.8,16.8,3.58298006160928
23/11/2013,28.2,18.1,3.56967735058107
24/11/2013,22.8,17.7,3.13088523891183
25/11/2013,25.4,17.7,3.3406288680017
26/11/2013,27.6,17.9,3.53570413068314
27/11/2013,26.4,17.6,3.42772163995793
28/11/2013,25.7,17.2,3.35022046799845
29/11/2013,28.1,16.5,3.49131599159403
30/11/2013,26.8,17.7,3.4916251459473
1/12/2013,26.7,17.1,3.4445322290277
2/12/2013,29.7,18.5,3.79898094380434
3/12/2013,26.5,16.1,3.36487687770919
4/12/2013,31.3,16.8,3.80732467446737
5/12/2013,29.8,17.6,3.75962387163094
6/12/2013,25.4,17.8,3.43334309776881
7/12/2013,28.2,17.6,3.64705870928699
8/12/2013,28.9,18,3.74171412380693
9/12/2013,25.5,18,3.4768377956754
10/12/2013,27.7,17.8,3.64318467729383
11/12/2013,27.4,18.6,3.68960378524666
12/12/2013,27.1,18.7,3.67974123582196
13/12/2013,26.2,18.7,3.61331770252674
14/12/2013,26.4,18.8,3.64321393965058
15/12/2013,28.6,18.5,3.80217706751902
16/12/2013,25.9,19.5,3.6703846067709
17/12/2013,28.4,18.2,3.77281387402282
18/12/2013,25.6,17.9,3.52673048820716
19/12/2013,26.7,16.7,3.52335556275316
20/12/2013,26.5,18.3,3.64174082542713
21/12/2013,25.9,17.8,3.55678542159288
23/9/2014,30.4,18.1,2.70906557240531
24/9/2014,29.6,17.7,2.64919468376092
25/9/2014,31,16.8,2.68472045332742
26/9/2014,32.2,17.3,2.78828551882164
27/9/2014,30.8,20.5,2.89835530113466
28/9/2014,33.4,18.8,2.95833403065275
29/9/2014,33.6,21.1,3.10989395689938
30/9/2014,32.4,19.4,2.95465993922368
1/10/2014,32.9,18.5,2.94169144195916
2/10/2014,31.7,17.8,2.84269992103865
3/10/2014,29.2,17.8,2.70863102370197
4/10/2014,28.2,16.5,2.58534679062163
5/10/2014,28.2,15.5,2.53678632933097
6/10/2014,26.9,14.1,2.38895569433035
7/10/2014,28,16.3,2.59106973968516
8/10/2014,30,14.8,1.73798609694928
9/10/2014,30.4,16.8,2.78229121872001
10/10/2014,31.6,18.3,2.95319843634991
11/10/2014,32.3,18.3,3.00675680294184
12/10/2014,31.5,14.9,2.76849901411945
13/10/2014,33.1,16.8,2.98969684216793
14/10/2014,33.6,17.7,3.08648730782413
15/10/2014,35.3,15.3,3.05729384694757
16/10/2014,34.1,15.5,3.00971654167265
17/10/2014,33.3,15.2,2.95569311184281
18/10/2014,34.7,14.8,3.02978371768781
19/10/2014,34.3,13.8,2.9570195861209
20/10/2014,32.6,18.4,3.14915906733656
21/10/2014,31.4,17.5,3.03291277081291
22/10/2014,27.9,16,2.73496840513886
23/10/2014,26.8,15.8,2.66589464729653
24/10/2014,29.6,14.9,2.79734877961372
25/10/2014,28.5,17.5,2.90471874474056
26/10/2014,26.9,16.3,2.74027961268494
27/10/2014,26,15.4,2.63803407484289
28/10/2014,32,15.7,3.05330545040548
29/10/2014,27.2,17.2,2.85501503767265
30/10/2014,26.5,16,2.74529191401333
31/10/2014,25.1,16.3,2.68641819167723
1/11/2014,27.6,17,2.90723563698324
2/11/2014,30,16.8,3.06450740270131
3/11/2014,31,15.3,3.04552075220133
4/11/2014,29,15.8,2.96019018765159
5/11/2014,29,16.3,3.00673467593137
6/11/2014,29.6,15,2.97358502326758
7/11/2014,30.9,18.7,3.32175894429166
8/11/2014,27.7,17.1,3.01367758499033
9/11/2014,29,17.5,3.14191590646976
10/11/2014,26.6,17.7,3.0064761806133
11/11/2014,28,17.7,3.11509592230987
12/11/2014,28.2,15.7,3.00544536367161
13/11/2014,25.6,17,2.92907240763941
14/11/2014,26.6,16.9,3.00380869675811
15/11/2014,28.4,16.7,3.12757413830584
16/11/2014,28.4,15.5,3.05723250813261
17/11/2014,28.9,15.4,3.09802318048176
18/11/2014,24,16.1,2.81595510340339
19/11/2014,27.2,14.5,2.94036062468656
20/11/2014,28.2,13.7,2.96649690125619
21/11/2014,30.2,16.3,3.30544321763017
22/11/2014,26.1,18.2,3.16161008789738
23/11/2014,25.2,17.1,3.03077150284035
24/11/2014,26.2,17,3.10731088267065
25/11/2014,26.4,18.4,3.23479298255042
26/11/2014,24.6,19.1,3.16735213384798
27/11/2014,24.8,18,3.11374887390522
28/11/2014,26,16.4,3.09605466949742
29/11/2014,28.4,16.8,3.3125451094876
30/11/2014,29.5,17.1,3.42741874847882
1/12/2014,23.2,17.1,2.97454895839483
2/12/2014,20.5,16.9,2.77012343459983
3/12/2014,26.9,14.6,3.08434809320586
4/12/2014,29.4,13.8,3.22153506353468
5/12/2014,28,16.2,3.30705200304646
7/12/2014,22.5,15.6,2.85995343085488
8/12/2014,19.9,16.3,2.72604601812157
9/12/2014,23,16.2,2.96125992069544
10/12/2014,30,16.7,2.53091669971917
11/12/2014,25.9,16.6,3.23025037062159
12/12/2014,23.8,16,3.0340381775946
13/12/2014,26,16.8,3.27225556758908
15/12/2014,24.5,16.9,3.17427075849916
16/12/2014,28.6,17.3,3.52915847270099
17/12/2014,26.8,14.6,3.19189292254981
18/12/2014,30,17.4,2.69024213121313
19/12/2014,25.1,15.6,3.1546077709436
20/12/2014,27.8,15.8,3.38805934280846
23/9/2015,33.2,15.9,2.66343931935511
24/9/2015,29.9,16.4,2.51301331630917
25/9/2015,35.7,14.8,2.74292350423112
27/9/2015,34.7,17,3.77264578180281
28/9/2015,31.3,16.3,2.59007963206543
29/9/2015,23.1,16.1,2.13533876409887
30/9/2015,31.6,14.7,2.52517074747012
1/10/2015,32.8,15,2.61048183626995
2/10/2015,32.9,14.2,2.5760253292018
3/10/2015,33.9,13.7,2.60750672067905
4/10/2015,34.8,17.8,2.88632785505364
5/10/2015,33.6,18.2,2.84762362514557
6/10/2015,33.7,17.9,2.84214469030644
7/10/2015,30.9,14.2,2.48923927430274
8/10/2015,32.1,14.7,2.58868212978127
9/10/2015,30,15.9,1.76299490051999
10/10/2015,33.7,13.9,2.64526601690179
11/10/2015,33.7,14.7,2.69645201928998
12/10/2015,32.9,17.7,2.82636531883935
13/10/2015,33.5,17,3.75255906579243
14/10/2015,33.7,13.9,2.67348731335534
15/10/2015,34.4,13.7,2.70942491828931
16/10/2015,34.8,18.1,2.98875234756381
17/10/2015,35.7,15.8,2.91866288464783
18/10/2015,35.7,15.5,2.91090622656761
19/10/2015,34.7,16.5,2.92043607892379
20/10/2015,35.2,14.3,2.83295187503849
21/10/2015,35.1,15.1,2.88289971790182
22/10/2015,35,17,2.99678326026601
23/10/2015,26.2,16.5,2.46967131900545
24/10/2015,32.8,15,2.77479145405081
25/10/2015,29.2,16.8,2.68029175461454
26/10/2015,26.8,16.9,2.55597624433954
27/10/2015,32.3,16.8,2.88294315406114
28/10/2015,26.8,17,2.5818719360156
29/10/2015,29.3,16.7,2.72238733611414
30/10/2015,28.9,17.4,2.75124189676299
31/10/2015,28.8,16.7,2.71479967979385
1/11/2015,27.2,17.1,2.65417976168415
2/11/2015,28.8,17.3,2.77362699591993
3/11/2015,30.9,14.8,2.76123179457517
4/11/2015,32.8,14.1,2.84588116541224
5/11/2015,32.1,14.8,2.85818571021501
6/11/2015,33.6,18.1,3.16444077180727
7/11/2015,33.8,16.7,3.10456318293359
8/11/2015,32,17.3,3.04418709842534
9/11/2015,33.4,14.8,2.98949684157837
10/11/2015,32.1,15.6,2.9717082670871
11/11/2015,32.6,14.4,2.94124526814406
12/11/2015,34.1,16,3.14937469345274
13/11/2015,34.2,15.8,3.15730298341365
14/11/2015,31.7,18.9,3.20967936115412
15/11/2015,28.6,17.3,2.92477690906495
16/11/2015,29.3,17.8,3.01489909253875
17/11/2015,29.7,17.7,3.04792145913702
18/11/2015,28.6,16.4,2.90677967366117
19/11/2015,28.6,17.2,2.97193123620332
20/11/2015,28.8,16.9,2.97893875807475
21/11/2015,29.7,15.7,2.9728341043299
22/11/2015,30.2,20.7,3.3480994878412
23/11/2015,28.4,18.3,3.08573396793146
24/11/2015,29.9,16.1,3.05319635966541
25/11/2015,29.8,12.6,2.82690594140236
26/11/2015,30.7,15.7,3.10745191562768
27/11/2015,29.8,18.4,3.24239418742263
28/11/2015,27.2,16.5,2.95272527124147
29/11/2015,29.2,15.3,3.02004943650772
30/11/2015,30.6,18.3,3.33322080089612
1/12/2015,29.8,17.8,3.25875169272821
2/12/2015,31.3,17,3.32099054668975
3/12/2015,31.4,16.8,3.32835814215496
4/12/2015,32.2,17.1,3.41883381415693
5/12/2015,30.7,16.7,3.30097541880378
6/12/2015,29.4,17.3,3.26586190809251
7/12/2015,28.9,16.2,3.16707169983773
8/12/2015,30.4,15.1,3.20830715643258
9/12/2015,29,16.5,3.22137491663858
10/12/2015,31.1,16.2,3.36231105793349
11/12/2015,31.1,16.4,3.38998824323082
12/12/2015,31.6,16.9,3.47499805881222
13/12/2015,27.3,17.8,3.24397501871404
14/12/2015,30.3,17.4,3.44418806401015
15/12/2015,30.5,13.8,3.21083980616626
16/12/2015,30.8,16.9,3.47022946928222
17/12/2015,31.1,15.9,3.43194739307497
18/12/2015,31,16.1,3.45178926232005
19/12/2015,29.7,16.2,3.37593391749308
20/12/2015,28,16.8,3.30669462372428
21/12/2015,28.6,16.1,3.3108159766474
23/9/2016,29.9,16.8,2.58388600523212
25/9/2016,30.4,19.6,2.76040163056032
26/9/2016,29.9,15,2.47368449938256
27/9/2016,31.6,12.9,2.44683312523465
28/9/2016,30,14.8,1.62455285190781
29/9/2016,29.8,15.6,2.48741299318226
30/9/2016,30.9,15.6,2.54359336190722
1/10/2016,29,16.7,2.49612882381513
3/10/2016,30.1,19.1,2.68365019118682
4/10/2016,21.9,16.1,2.07018360005373
5/10/2016,30,16.3,1.77403528405745
6/10/2016,25.8,14.6,2.1963459227604
7/10/2016,29.6,11.9,2.25422831761531
8/10/2016,31.8,17,3.4521794710207
9/10/2016,31.2,13.5,2.42485905604191
10/10/2016,31.1,17,2.60809420688798
11/10/2016,30.5,16.4,2.54218360956854
12/10/2016,30.5,17,2.57418831364671
13/10/2016,30.3,17.5,2.59026411070637
14/10/2016,29.4,17.3,2.53080855745211
15/10/2016,31.8,17.3,2.66138026272518
16/10/2016,33.1,17.8,2.75983366367745
17/10/2016,33.6,17,2.74480711933541
18/10/2016,32.9,16,2.65413285459003
19/10/2016,34,15.2,2.67231359224102
20/10/2016,28.8,17.8,2.53321748461111
21/10/2016,29.8,17,2.54654888194669
22/10/2016,28.8,13.3,2.29331025430006
23/10/2016,29.8,13.7,2.37246063747193
24/10/2016,32,15.4,2.58863679998317
25/10/2016,32.3,13.8,2.52133264705314
26/10/2016,32.2,12.9,2.47055783829044
27/10/2016,29.6,17,2.55708893622623
28/10/2016,30.1,17.8,2.6332272518238
29/10/2016,28.8,15.9,2.46209045846314
30/10/2016,26,12.7,2.13599911120878
31/10/2016,28,16.6,2.46699194419326
1/11/2016,23.2,16.9,2.22314765757394
2/11/2016,26.8,14.8,2.31182912401501
3/11/2016,29.8,15.6,2.52931656354887
4/11/2016,30.4,16.2,2.60293723039355
5/11/2016,30,17.1,2.63799301490781
6/11/2016,27.5,16.7,2.48252393382996
7/11/2016,24.8,16.1,2.30385611555162
8/11/2016,28.5,14.9,2.45201988439073
9/11/2016,27.6,16,2.47094566544942
10/11/2016,25.2,16.8,2.38785276398124
11/11/2016,29.5,15.1,2.54397361562502
12/11/2016,24,18.6,2.43805555306343
13/11/2016,22,17.5,2.26841710870761
14/11/2016,21,17,2.1899569978867
15/11/2016,28.2,16.7,2.59691433778325
16/11/2016,27.2,15.5,2.47873629891149
17/11/2016,29,16.6,2.6569848697918
18/11/2016,29,16.2,2.64370998270359
19/11/2016,27,16.9,2.57762127216464
20/11/2016,27.4,17.3,2.63492409908442
21/11/2016,24.2,17.8,2.485658002539
22/11/2016,25.4,17.1,2.52543802618633
23/11/2016,28.7,16.5,2.69689990168532
24/11/2016,26,17.2,2.58827462087484
25/11/2016,28.6,16.7,2.72549464024236
26/11/2016,30,15.7,1.89721396826391
27/11/2016,28.7,18.6,2.87015307300637
28/11/2016,29.2,17.5,2.84599728501153
29/11/2016,28.8,17.4,2.82779813650863
30/11/2016,30,17,2.88939543758176
